id,name,industry,region,size_category,credit_limit,avg_payment_days,late_payment_ratio,created_at,updated_at
46dcf89f-a7cf-4e79-a534-54ef4527c00a,Silver Systems,Construction,North America,Small,15044.48,36.98,0.3255,2025-01-01T09:23:44.651581,2025-01-01T09:23:44.651581
43f1eaf1-9e20-4e0b-9b22-ff81a011d90d,Bright Dynamics,Transportation,Asia Pacific,Medium,126072.04,50.12,0.4004,2024-02-26T09:23:44.651703,2024-02-26T09:23:44.651703
2f58172f-f829-4d3c-a2de-5b46277492d9,Blue Inc,Technology,Latin America,Medium,206603.86,28.13,0.1653,2023-02-22T09:23:44.651772,2023-02-22T09:23:44.651772
5b89011a-de0a-4cd5-bab4-82d1d928722f,Star Solutions,Construction,Latin America,Enterprise,8625518.35,21.75,0.2454,2024-07-01T09:23:44.651820,2024-07-01T09:23:44.651820
c5e0d695-6a7b-427d-8bdb-2ad477818430,Golden Services,Retail,North America,Medium,85738.26,59.54,0.5865,2021-10-09T09:23:44.651853,2021-10-09T09:23:44.651853
7d0a10fe-f130-46a6-934d-52474966d571,Delta Consulting,Manufacturing,Middle East,Medium,84598.04,33.77,0.3619,2022-11-03T09:23:44.651881,2022-11-03T09:23:44.651881
e7d3a565-0bff-46de-90fd-03fcfd1e338f,Silver Corp,Retail,Latin America,Enterprise,1951992.53,49.04,0.4804,2022-06-25T09:23:44.651904,2022-06-25T09:23:44.651904
0caf850c-60cf-4d31-a02f-60f08e2f07a8,Quantum Solutions,Transportation,North America,Enterprise,7633339.1,27.68,0.2902,2022-05-07T09:23:44.651926,2022-05-07T09:23:44.651926
76d3d8ef-eb3d-4dad-bc3f-942d86c36ca4,Star Partners,Retail,North America,Medium,214375.6,31.29,0.4229,2025-04-17T09:23:44.651946,2025-04-17T09:23:44.651946
ad798eee-46f5-4c34-bf04-5d1062f93e72,Delta Holdings,Manufacturing,North America,Medium,246697.31,15.24,0.2703,2019-04-30T09:23:44.651967,2019-04-30T09:23:44.651967
ff12dcfb-479d-45e8-83dd-a43be7c05600,Phoenix Consulting,Construction,Africa,Small,28745.32,47.4,0.3957,2021-02-10T09:23:44.651987,2021-02-10T09:23:44.651987
12097219-e807-4bf7-97de-9a9185afe14b,Key LLC,Manufacturing,North America,Small,5946.54,21.49,0.1472,2024-12-12T09:23:44.652007,2024-12-12T09:23:44.652007
67b946b2-24bc-453f-bd08-18488a8f9a5a,Core Labs,Retail,North America,Medium,146327.63,36.64,0.279,2024-03-29T09:23:44.652027,2024-03-29T09:23:44.652027
c59a47fa-4e33-47e7-9b93-b594ef577a61,Global Ventures,Finance,Europe,Enterprise,1014626.28,20.67,0.083,2023-02-25T09:23:44.652051,2023-02-25T09:23:44.652051
ee96c91e-18c1-496a-a092-7563fe7a828b,Elite Labs,Manufacturing,Europe,Small,16241.29,10.17,0.2054,2022-08-25T09:23:44.652072,2022-08-25T09:23:44.652072
e38e3171-390d-4754-b91a-ea344814a9b9,Eagle Systems,Manufacturing,North America,Medium,38192.96,35.06,0.2328,2019-11-04T09:23:44.652091,2019-11-04T09:23:44.652091
85dfca26-ff02-4c3e-9a23-07ec7464d2fc,Solar Technologies,Finance,Africa,Medium,146993.92,24.29,0.1141,2023-12-15T09:23:44.652110,2023-12-15T09:23:44.652110
e7ba3d31-a5fd-4fc5-a299-119c0af6384b,Vertex Enterprises,Retail,North America,Small,34581.79,33.67,0.2453,2023-10-31T09:23:44.652129,2023-10-31T09:23:44.652129
a3fc704c-f32a-44ff-9513-977d68dadbfb,Blue Technologies,Manufacturing,Middle East,Enterprise,588496.84,24.41,0.1475,2021-05-21T09:23:44.652147,2021-05-21T09:23:44.652147
61c69fa8-2b7c-439f-81cd-e8f0cc785cfc,Silver Holdings,Finance,North America,Large,733185.93,43.64,0.3179,2024-02-06T09:23:44.652171,2024-02-06T09:23:44.652171
9c05f48b-4d49-41b5-99ac-e7c4ef11e8b2,Icon Inc,Finance,Asia Pacific,Large,283237.58,33.49,0.2361,2020-07-20T09:23:44.652191,2020-07-20T09:23:44.652191
d3e74cec-2bb6-4b99-885f-74630d733190,Royal Inc,Technology,Latin America,Medium,83939.93,35.91,0.2866,2023-08-18T09:23:44.652209,2023-08-18T09:23:44.652209
47de2d65-c9c3-4225-b9b1-c2d914107ffa,Vertex Group,Media & Entertainment,Asia Pacific,Small,10735.05,53.06,0.5488,2022-07-02T09:23:44.652254,2022-07-02T09:23:44.652254
5ec6d8ed-0465-4505-bfeb-80d8769e8d5d,Alpha Solutions,Finance,Asia Pacific,Enterprise,9751451.72,23.61,0.1286,2020-09-04T09:23:44.652281,2020-09-04T09:23:44.652281
72d61d32-2c01-4a4e-8d60-502659738950,Grand Systems,Energy,Europe,Enterprise,8121233.82,31.59,0.2215,2020-01-09T09:23:44.652299,2020-01-09T09:23:44.652299
14cb898c-dae2-4cc5-be71-da00a681fb66,Vista Ventures,Education,Europe,Small,40790.55,68.02,0.5587,2020-10-25T09:23:44.652319,2020-10-25T09:23:44.652319
61ff9e7c-5caf-4ca5-a86d-067e6a6e6bfc,Star Consulting,Finance,North America,Enterprise,2981544.37,29.72,0.02,2020-05-28T09:23:44.652338,2020-05-28T09:23:44.652338
129d249f-7205-4c4e-a322-b8b39c2110f3,Metro Labs,Technology,Middle East,Small,6997.39,49.6,0.5271,2023-02-02T09:23:44.652358,2023-02-02T09:23:44.652358
6ff681cd-072f-4424-a12d-1969e266416f,Global Labs,Technology,Asia Pacific,Small,19126.2,28.89,0.091,2021-12-25T09:23:44.652377,2021-12-25T09:23:44.652377
10daada4-0227-4522-98c5-5a60616ec228,Phoenix Systems,Construction,Europe,Large,256624.61,25.76,0.2474,2020-05-06T09:23:44.652396,2020-05-06T09:23:44.652396
da46e0f1-17d2-4300-bec0-69b4c06a55b2,Vista Enterprises,Retail,Latin America,Enterprise,7491633.74,47.39,0.4894,2022-08-31T09:23:44.652414,2022-08-31T09:23:44.652414
e3832651-5e06-46b6-85c7-34486deb0da9,Prime Dynamics,Healthcare,North America,Small,16017.91,22.33,0.1342,2020-12-29T09:23:44.652432,2020-12-29T09:23:44.652432
5f494a4b-1743-482a-9635-5a1c8aa85343,Vertex Consulting,Healthcare,Asia Pacific,Small,38793.4,19.51,0.1801,2020-02-02T09:23:44.652450,2020-02-02T09:23:44.652450
929985b4-7122-4008-b1f3-524bb5a83f0f,Phoenix Industries,Telecommunications,Asia Pacific,Enterprise,8968546.3,33.14,0.1537,2019-12-23T09:23:44.652471,2019-12-23T09:23:44.652471
fdf4e312-8826-4d85-ad16-d9309d13f766,Grand Dynamics,Energy,Latin America,Small,39995.37,41.64,0.2901,2024-05-24T09:23:44.652489,2024-05-24T09:23:44.652489
97607fcc-5487-4827-8551-3e2e19145972,Solar Dynamics,Transportation,Asia Pacific,Small,23341.97,25.05,0.2801,2025-01-29T09:23:44.652508,2025-01-29T09:23:44.652508
b89eab0b-75af-4e4d-8715-274408056227,Grand Industries,Manufacturing,Africa,Small,22549.4,19.29,0.2663,2019-10-29T09:23:44.652528,2019-10-29T09:23:44.652528
5de2a077-14db-489d-a0e5-67d5f892552f,Spark International,Manufacturing,North America,Small,35561.38,39.14,0.351,2020-11-18T09:23:44.652546,2020-11-18T09:23:44.652546
ba9bf217-6449-4441-bbaa-2af6e7385c65,Pacific Industries,Construction,North America,Medium,220041.56,50.45,0.3863,2022-03-07T09:23:44.652565,2022-03-07T09:23:44.652565
814f6c19-055d-4abf-bf68-1a24633dae30,Solar Systems,Media & Entertainment,Europe,Large,146877.05,42.53,0.3742,2019-12-28T09:23:44.652587,2019-12-28T09:23:44.652587
91ad16a4-12c4-4f3c-96e4-f3d22e81b329,Vista Global,Manufacturing,North America,Medium,161325.86,54.6,0.446,2021-12-01T09:23:44.652608,2021-12-01T09:23:44.652608
d088f81c-6a23-4388-b15d-4943b92090c2,Metro Works,Education,Latin America,Medium,34240.55,24.51,0.1812,2019-10-21T09:23:44.652627,2019-10-21T09:23:44.652627
60172e29-8c1f-46d3-94ed-8a5d5abb05cc,Jade Technologies,Transportation,Europe,Large,968926.36,49.37,0.3597,2022-04-16T09:23:44.652646,2022-04-16T09:23:44.652646
42d991ea-167b-4707-bdd5-0f52b4e2691b,Luna Industries,Media & Entertainment,North America,Enterprise,2816702.67,33.06,0.3062,2022-12-03T09:23:44.652666,2022-12-03T09:23:44.652666
bc9c2739-edfb-430f-909d-e08128e6bdf8,Unity Services,Finance,Middle East,Large,348641.72,46.91,0.2716,2019-12-17T09:23:44.652684,2019-12-17T09:23:44.652684
4646ca98-3a10-45bf-9fad-226eef434939,Luna Works,Manufacturing,North America,Small,23198.05,55.03,0.2783,2021-08-04T09:23:44.652703,2021-08-04T09:23:44.652703
89713fef-dc57-4caf-80ad-f5de9bb53b1f,Star Enterprises,Finance,North America,Small,13666.29,26.27,0.2558,2019-06-02T09:23:44.652726,2019-06-02T09:23:44.652726
666dfc8f-ad58-477b-86d2-df54d1b4bece,Core Corp,Telecommunications,Latin America,Small,21239.65,22.95,0.1918,2019-10-18T09:23:44.652745,2019-10-18T09:23:44.652745
5d430d74-1e3d-4bce-9d3d-e19a3cd4a48b,Eagle Holdings,Retail,Europe,Medium,66481.83,56.53,0.5487,2024-09-12T09:23:44.652763,2024-09-12T09:23:44.652763
ed787f28-3bfb-4bc5-b38b-e3845024256e,Iron International,Education,Africa,Small,16168.59,35.81,0.3356,2020-05-02T09:23:44.652782,2020-05-02T09:23:44.652782
9bd3c42a-eb9f-48b0-83f9-3f3366de8397,Silver LLC,Telecommunications,Europe,Medium,162166.96,23.59,0.1172,2023-05-09T09:23:44.652800,2023-05-09T09:23:44.652800
f0c24612-3431-41f7-8575-c9ff80caa1aa,Titan International,Healthcare,Europe,Large,522921.23,53.0,0.5099,2022-05-02T09:23:44.652819,2022-05-02T09:23:44.652819
d1a9a00b-4319-4f7c-a22c-2f6d209f4f7c,Phoenix Group,Construction,Africa,Medium,147526.54,19.7,0.2539,2022-01-23T09:23:44.652838,2022-01-23T09:23:44.652838
e31e0999-d21c-4091-ac18-906d42503002,Bright Technologies,Manufacturing,Europe,Medium,86255.39,34.38,0.3673,2025-01-04T09:23:44.652862,2025-01-04T09:23:44.652862
09b9fd07-62b3-4514-8aee-f73771f3f2c5,Spark Labs,Real Estate,Latin America,Medium,238926.91,45.31,0.4679,2023-04-07T09:23:44.652882,2023-04-07T09:23:44.652882
f6f3ca1b-2f44-407a-a803-ce02c7cd1806,Pinnacle LLC,Construction,Europe,Small,20658.25,47.01,0.6275,2024-11-20T09:23:44.652905,2024-11-20T09:23:44.652905
7a0b377f-efd3-49ab-a989-36d9ce6a3c10,Summit Services,Finance,Europe,Enterprise,4339663.04,45.69,0.3007,2021-03-30T09:23:44.652933,2021-03-30T09:23:44.652933
8392df4f-f0af-457c-aafb-93f2fd00de44,Grand Group,Construction,Latin America,Small,29714.88,25.42,0.2088,2024-04-03T09:23:44.652961,2024-04-03T09:23:44.652961
f7e9f01f-3f70-4ec5-8304-c0b9f7ac88db,Nova Systems,Manufacturing,North America,Large,548537.95,27.49,0.2525,2023-09-05T09:23:44.652991,2023-09-05T09:23:44.652991
384d0e52-e8b4-4ecf-95cd-23e94c6f559d,Spark Services,Agriculture,Europe,Enterprise,8708255.88,41.17,0.3069,2022-02-16T09:23:44.653018,2022-02-16T09:23:44.653018
ee6b8af2-d367-4089-ae7e-4d8e3e8b5ec3,Nova Dynamics,Media & Entertainment,Europe,Medium,99798.99,31.96,0.1786,2019-12-30T09:23:44.653049,2019-12-30T09:23:44.653049
3621a131-ec59-4f81-9a1b-3eb82264908b,Blue Services,Telecommunications,Latin America,Large,236894.79,34.01,0.2527,2023-07-27T09:23:44.653078,2023-07-27T09:23:44.653078
1efc7464-b231-419e-b8e0-3877675974b3,Summit LLC,Education,North America,Medium,114433.75,56.63,0.6109,2019-10-30T09:23:44.653106,2019-10-30T09:23:44.653106
5bf2c2af-b2d7-4f53-a6e4-fad62a1ed408,Alpha Inc,Healthcare,Asia Pacific,Small,15236.88,62.36,0.6113,2021-12-10T09:23:44.653141,2021-12-10T09:23:44.653141
173dcf6a-69cb-4b37-8647-a8648fc2b94f,Summit Technologies,Finance,North America,Medium,121904.53,58.31,0.4575,2021-01-04T09:23:44.653179,2021-01-04T09:23:44.653179
c2d5fd16-cc75-4d11-8a47-8e2bf931dd32,Titan Labs,Retail,Asia Pacific,Small,33705.71,38.15,0.4009,2021-12-11T09:23:44.653208,2021-12-11T09:23:44.653208
22613183-7509-44f4-a964-89ac423677ba,Icon Corp,Transportation,Europe,Small,49971.81,35.93,0.3889,2020-11-10T09:23:44.653242,2020-11-10T09:23:44.653242
d2f246f9-5d40-4759-9fbf-5272bf007888,Vista Holdings,Retail,Asia Pacific,Large,144139.83,53.78,0.4344,2022-06-28T09:23:44.653270,2022-06-28T09:23:44.653270
dec5316f-b4ad-474e-8229-ca8316812c1e,Red Consulting,Construction,Middle East,Medium,94509.9,35.75,0.3525,2021-03-13T09:23:44.653303,2021-03-13T09:23:44.653303
a1191f1f-4bfd-4c9c-8246-f895deadd1f4,Silver Networks,Agriculture,Latin America,Small,42111.04,57.09,0.5793,2023-09-21T09:23:44.653336,2023-09-21T09:23:44.653336
9d6595ab-2814-46b5-bc9e-a6ae981e1002,Prism Corp,Technology,Europe,Small,10561.49,30.03,0.1935,2022-09-05T09:23:44.653370,2022-09-05T09:23:44.653370
aed85491-2d4b-4064-a114-c2bc42ee1037,Apex Enterprises,Construction,Africa,Small,32453.7,32.28,0.3367,2024-10-16T09:23:44.653394,2024-10-16T09:23:44.653394
2aa750b1-7f1b-42a6-bd70-6a4212024f61,Prime Global,Telecommunications,North America,Small,29189.6,32.58,0.3193,2024-03-10T09:23:44.653421,2024-03-10T09:23:44.653421
30e5a837-1fb6-42b9-a96e-8748ae396215,Icon Systems,Manufacturing,Africa,Small,21673.85,46.27,0.4898,2020-11-01T09:23:44.653451,2020-11-01T09:23:44.653451
a37d3737-d496-4784-8e3a-0f7ac403e8e8,Spark Systems,Real Estate,Africa,Large,182506.08,37.44,0.3767,2022-12-23T09:23:44.653478,2022-12-23T09:23:44.653478
3ee7e595-4366-4b36-aafd-2586c9c9a739,Advanced Networks,Education,North America,Large,809779.38,44.21,0.3712,2023-10-28T09:23:44.653507,2023-10-28T09:23:44.653507
943db33b-95b0-44e5-9aaf-f04e51454d87,Spark Group,Education,North America,Small,12841.08,57.95,0.4341,2019-07-18T09:23:44.653535,2019-07-18T09:23:44.653535
7e4b5bac-14c7-4373-ad40-b1deec3f3496,Prime Works,Manufacturing,North America,Medium,188629.67,19.4,0.1949,2024-02-02T09:23:44.653575,2024-02-02T09:23:44.653575
5a065d21-6834-4e32-9e7c-47d277ca7154,Quantum Global,Technology,North America,Medium,39778.5,46.18,0.4381,2020-03-18T09:23:44.653604,2020-03-18T09:23:44.653604
84937de7-790e-41e4-b5e1-55ec16e6d098,Vista Services,Manufacturing,Latin America,Small,34462.08,41.34,0.3189,2023-08-03T09:23:44.653637,2023-08-03T09:23:44.653637
ad03080c-e180-406c-a122-c29b66bc63fa,Pacific Networks,Technology,Latin America,Small,9345.4,33.07,0.1957,2023-12-06T09:23:44.653665,2023-12-06T09:23:44.653665
86030087-3285-4ae7-a541-b4b7330d4ac1,Luna Ventures,Hospitality,Africa,Medium,231064.83,49.66,0.4886,2019-11-22T09:23:44.653693,2019-11-22T09:23:44.653693
8d397b10-86bf-442b-bd85-dba3cd0127b6,Icon Enterprises,Finance,Latin America,Medium,206624.81,40.44,0.2889,2022-04-20T09:23:44.653727,2022-04-20T09:23:44.653727
696cef40-c8b3-4270-b329-2ca31444e8cc,Pacific Works,Agriculture,Europe,Small,11446.32,47.19,0.4775,2021-01-30T09:23:44.653761,2021-01-30T09:23:44.653761
03135d0a-5e20-4843-916a-74760300402a,Phoenix Labs,Finance,Europe,Large,799152.06,18.13,0.0228,2022-04-01T09:23:44.653789,2022-04-01T09:23:44.653789
497b474f-ef38-4a5e-b169-03a08f2be3f3,Star Inc,Manufacturing,Europe,Small,38972.44,43.86,0.325,2024-10-15T09:23:44.653817,2024-10-15T09:23:44.653817
61234faa-9450-48af-a21f-da5963d65cdd,Quantum Ventures,Technology,Europe,Small,11175.57,25.97,0.1012,2022-09-20T09:23:44.653847,2022-09-20T09:23:44.653847
8baced8a-0cc8-4397-bc0b-eee00174923a,Omega Corp,Media & Entertainment,Latin America,Small,43779.4,23.91,0.1942,2024-01-04T09:23:44.653878,2024-01-04T09:23:44.653878
456ee782-2517-440a-9cbc-de6796c57590,Omega Enterprises,Real Estate,North America,Enterprise,4870920.57,34.57,0.2245,2024-06-01T09:23:44.653904,2024-06-01T09:23:44.653904
65551613-4ca7-4005-a2bd-bf39e2e7100e,Green Group,Energy,North America,Large,168741.44,37.29,0.091,2023-08-24T09:23:44.653932,2023-08-24T09:23:44.653932
f5973744-8f8e-4f41-881a-31da47a3e60e,Vista International,Technology,North America,Medium,196048.44,36.97,0.3674,2020-04-07T09:23:44.653959,2020-04-07T09:23:44.653959
9edc084d-1da2-4d4e-8cc7-d31416534fc0,Quantum LLC,Construction,Africa,Small,48693.79,35.94,0.4674,2021-05-09T09:23:44.653983,2021-05-09T09:23:44.653983
937ccafc-dbc8-4801-a601-78d400afbdd2,Phoenix International,Finance,Europe,Small,42426.35,51.03,0.3644,2024-11-02T09:23:44.654004,2024-11-02T09:23:44.654004
70e80f07-b4f9-4994-b7b6-1b6ea3269006,Red Global,Construction,Europe,Medium,58943.74,64.19,0.6879,2020-05-22T09:23:44.654025,2020-05-22T09:23:44.654025
d0924770-63d3-4e39-b5a2-5e2920e41028,Infinity Industries,Healthcare,Europe,Small,23394.62,54.94,0.529,2020-12-18T09:23:44.654046,2020-12-18T09:23:44.654046
b156e72d-c4c6-4de9-ae3c-1f8b6ec6f122,Delta Global,Transportation,Asia Pacific,Enterprise,8796156.79,28.02,0.3108,2020-11-26T09:23:44.654064,2020-11-26T09:23:44.654064
4ad804c4-ddbf-44d6-89f3-9d5125006001,Unity Labs,Transportation,North America,Medium,169785.98,50.4,0.5975,2024-04-02T09:23:44.654081,2024-04-02T09:23:44.654081
17ab7d28-d869-4d67-99a5-23a38496673b,Red Inc,Retail,North America,Small,47802.62,35.04,0.3025,2024-03-01T09:23:44.654099,2024-03-01T09:23:44.654099
bd57e563-799c-428d-88f4-5a0903fa970a,Vista Technologies,Construction,Middle East,Medium,159380.45,51.11,0.6739,2024-10-23T09:23:44.654118,2024-10-23T09:23:44.654118
4e0980f8-a101-4f44-b17f-d5d847f727c5,Quantum Consulting,Real Estate,Asia Pacific,Large,805420.32,55.52,0.429,2021-01-06T09:23:44.654139,2021-01-06T09:23:44.654139
0f252a67-b135-4ef2-a083-bab452423f96,Quantum Holdings,Manufacturing,North America,Small,32209.86,41.23,0.3825,2020-04-05T09:23:44.654157,2020-04-05T09:23:44.654157
ed7ae7d4-daee-4d1e-b626-4c78e94c0a73,Metro Technologies,Media & Entertainment,North America,Enterprise,8258680.93,30.78,0.1524,2024-05-20T09:23:44.654174,2024-05-20T09:23:44.654174
a8689ea9-c6e1-41c4-b00d-b1d1a9606eba,Bright Corp,Technology,Africa,Large,684964.62,46.23,0.4227,2025-03-29T09:23:44.654192,2025-03-29T09:23:44.654192
765ec84e-ef88-4eba-9b60-6c8321a277a4,Blue Group,Healthcare,Latin America,Medium,188627.83,33.06,0.2881,2020-03-04T09:23:44.654213,2020-03-04T09:23:44.654213
4d2642f5-eb0d-48f3-a8a8-e6e32810a006,Metro LLC,Media & Entertainment,Europe,Medium,167189.86,39.43,0.2794,2019-06-06T09:23:44.654247,2019-06-06T09:23:44.654247
eeff6144-0bf5-479a-9ed7-5fe2de49fb03,Blue Networks,Real Estate,Europe,Large,556860.33,41.88,0.2534,2021-04-18T09:23:44.654266,2021-04-18T09:23:44.654266
4a9b2d3a-ba27-47a7-b884-79393df9ffed,Titan Solutions,Healthcare,Asia Pacific,Small,31185.65,34.71,0.3752,2019-12-07T09:23:44.654285,2019-12-07T09:23:44.654285
b5aa8db4-ecf9-4561-beb9-23b4f6974e71,Unity Partners,Education,North America,Large,511911.62,39.5,0.2784,2024-10-06T09:23:44.654305,2024-10-06T09:23:44.654305
5dda15b7-5ba4-4b03-8aa1-4d667c3fef58,Icon LLC,Finance,Latin America,Medium,115004.9,30.38,0.2011,2019-06-24T09:23:44.654322,2019-06-24T09:23:44.654322
aaddeae6-379c-4b1a-aa2c-5cf7664f1f44,Elite Works,Transportation,North America,Medium,210026.79,30.81,0.1497,2020-07-09T09:23:44.654340,2020-07-09T09:23:44.654340
78216633-5b7a-48d3-85ca-28dea6aeb5e4,Star Works,Finance,North America,Enterprise,3849313.45,38.15,0.3387,2023-09-13T09:23:44.654370,2023-09-13T09:23:44.654370
e16bce9e-bb17-4993-9d32-bc706e21a812,Solar Holdings,Technology,North America,Large,429695.63,43.85,0.4102,2024-06-09T09:23:44.654388,2024-06-09T09:23:44.654388
58069997-821e-4a39-bc5e-9cf31c0ce941,Summit Enterprises,Retail,Europe,Medium,81162.62,49.82,0.4794,2022-05-19T09:23:44.654405,2022-05-19T09:23:44.654405
5e097e59-d9b2-4404-b73b-1eb2b3e8e904,Vertex Networks,Transportation,Africa,Small,11107.78,47.93,0.6496,2021-09-18T09:23:44.654425,2021-09-18T09:23:44.654425
d9fe3b1a-0c75-4121-9852-5316f0d6cbdb,Delta Technologies,Transportation,Europe,Small,18498.05,58.55,0.527,2023-01-17T09:23:44.654442,2023-01-17T09:23:44.654442
ab46691c-9880-43a9-9949-d66e59ed62c6,Red Labs,Education,North America,Medium,108005.01,52.93,0.1823,2019-12-07T09:23:44.654461,2019-12-07T09:23:44.654461
4ad888f7-07fe-42ef-9409-4d068e93aa50,Delta Labs,Energy,Latin America,Small,48757.09,35.6,0.4024,2023-04-05T09:23:44.654478,2023-04-05T09:23:44.654478
814521af-b8c3-44b9-bfaf-a656faaa9a42,Delta Enterprises,Retail,Middle East,Large,566291.92,47.84,0.3738,2022-03-22T09:23:44.654497,2022-03-22T09:23:44.654497
8211727f-e518-4e85-b08f-fd296520e7f5,Alpha LLC,Construction,North America,Medium,158156.9,50.78,0.3739,2024-11-02T09:23:44.654514,2024-11-02T09:23:44.654514
ada21886-848c-4fe0-a52c-945ea2a43373,Prism Technologies,Technology,Asia Pacific,Medium,171504.24,33.6,0.2299,2021-11-29T09:23:44.654531,2021-11-29T09:23:44.654531
24cfa144-29f0-462c-b069-453e69ecf8d1,Luna Dynamics,Education,Asia Pacific,Small,8283.79,52.04,0.4628,2021-09-20T09:23:44.654550,2021-09-20T09:23:44.654550
577da1b6-0a5f-4c95-8fb6-59e6c45df9b5,Green Solutions,Technology,Europe,Medium,96801.07,36.09,0.1836,2020-08-11T09:23:44.654572,2020-08-11T09:23:44.654572
387b9273-c661-4ca9-996a-a24229e09f80,Quantum Works,Education,Africa,Large,270850.69,47.86,0.3921,2020-11-21T09:23:44.654590,2020-11-21T09:23:44.654590
886df444-ef9b-4bc9-977e-c1c47daf6aa4,Delta Industries,Real Estate,North America,Medium,36371.59,42.17,0.3182,2020-06-19T09:23:44.654610,2020-06-19T09:23:44.654610
19db98a1-b698-4850-9951-3b3c5d6bb504,Summit Global,Transportation,Latin America,Medium,115130.86,38.64,0.2614,2022-03-01T09:23:44.654633,2022-03-01T09:23:44.654633
44242370-eba4-44f2-ad5b-7dbbbea892b9,Prism Consulting,Technology,Africa,Medium,203851.88,43.87,0.3634,2021-07-25T09:23:44.654657,2021-07-25T09:23:44.654657
7c4ce17c-267c-4d53-b183-d1bd8ec038c1,Metro Partners,Manufacturing,Asia Pacific,Medium,98792.32,24.92,0.2734,2021-12-09T09:23:44.654685,2021-12-09T09:23:44.654685
35eb0a87-1a13-4707-ad7c-1b4e15d3e5b3,Atlas International,Transportation,Africa,Medium,204269.83,19.61,0.2224,2022-09-30T09:23:44.654710,2022-09-30T09:23:44.654710
dd492e13-047d-4d3f-9c02-e7141317c5a9,Jade Labs,Manufacturing,Europe,Large,797145.52,29.64,0.2629,2020-05-09T09:23:44.654727,2020-05-09T09:23:44.654727
54e1852d-56f2-4f1c-97f0-f755dc826a2b,Nova Partners,Healthcare,Asia Pacific,Medium,199368.77,28.87,0.0942,2019-05-29T09:23:44.654746,2019-05-29T09:23:44.654746
2beab4b5-f3a4-4141-bc9e-8cae321b7409,Icon Ventures,Real Estate,Europe,Medium,147911.47,46.49,0.3639,2022-07-15T09:23:44.654763,2022-07-15T09:23:44.654763
949e2399-28b4-4b73-a5fa-cee18ce2bfc8,Infinity Group,Finance,Africa,Enterprise,7826155.56,29.34,0.0956,2022-03-26T09:23:44.654780,2022-03-26T09:23:44.654780
7fedd451-83dc-45be-b019-5ef4113f68f6,Green Inc,Retail,Europe,Enterprise,4248058.33,50.03,0.5014,2022-08-13T09:23:44.654800,2022-08-13T09:23:44.654800
5c851a16-1988-4bbf-8a44-c3eb24e70fa4,Pacific Services,Construction,Europe,Medium,36810.5,26.8,0.3223,2023-07-13T09:23:44.654819,2023-07-13T09:23:44.654819
9bbf1957-29cd-4c12-80d7-62e64d779ac4,Falcon Labs,Manufacturing,North America,Enterprise,3551093.17,22.21,0.0894,2024-11-18T09:23:44.654837,2024-11-18T09:23:44.654837
488b6905-e7eb-4125-91cf-7c043f4c1dba,Pinnacle Ventures,Hospitality,North America,Enterprise,9973132.13,30.23,0.2874,2022-02-09T09:23:44.654856,2022-02-09T09:23:44.654856
a6dde467-8203-48b7-b73c-96c10ad85847,Key Enterprises,Retail,Middle East,Small,27689.57,32.26,0.3163,2025-02-21T09:23:44.654874,2025-02-21T09:23:44.654874
8949dc2a-e0d3-468c-b06d-d446189a275c,Prism Partners,Retail,Latin America,Small,43526.59,25.96,0.2295,2023-09-22T09:23:44.654891,2023-09-22T09:23:44.654891
10500983-3b04-4111-b751-278b6b8a0911,Atlas Group,Agriculture,North America,Medium,125515.49,52.56,0.4709,2022-08-26T09:23:44.654911,2022-08-26T09:23:44.654911
01c9f74c-5532-489e-ae0f-822bffc71d3c,Grand Holdings,Manufacturing,North America,Large,930795.41,31.92,0.3285,2022-10-28T09:23:44.654928,2022-10-28T09:23:44.654928
3ec337b5-af85-496f-b43b-5d9a2e575dcb,Red Works,Manufacturing,Europe,Enterprise,4049436.0,35.79,0.4386,2024-05-19T09:23:44.654947,2024-05-19T09:23:44.654947
78352936-a97b-4395-9031-500e0fd90528,Crown Systems,Retail,Europe,Enterprise,1565983.52,33.12,0.2464,2020-05-06T09:23:44.654965,2020-05-06T09:23:44.654965
516759bb-dbfd-4812-a338-8b220ef3f22c,Alpha Dynamics,Transportation,Europe,Enterprise,4732085.58,50.3,0.4463,2021-11-04T09:23:44.654983,2021-11-04T09:23:44.654983
5ed72e62-de70-46c3-9d53-016ca3a55194,Pacific Solutions,Healthcare,North America,Small,8286.33,32.99,0.4793,2020-01-03T09:23:44.655002,2020-01-03T09:23:44.655002
703310d4-4b46-419f-801b-fca69f9bb487,Unity Networks,Energy,Latin America,Enterprise,6635867.77,34.03,0.321,2023-10-23T09:23:44.655021,2023-10-23T09:23:44.655021
ae542709-7cdb-40c3-b414-076968f04b43,Green Works,Technology,Africa,Medium,53653.09,33.98,0.1575,2022-09-22T09:23:44.655039,2022-09-22T09:23:44.655039
ee2800e1-fd96-455b-b9ac-502957e7012e,Phoenix Global,Finance,North America,Enterprise,7387727.49,48.0,0.3898,2022-12-27T09:23:44.655056,2022-12-27T09:23:44.655056
20848d2f-21bf-4006-8000-385e1e059db3,Solar Partners,Transportation,Middle East,Small,6990.65,62.23,0.581,2022-09-03T09:23:44.655075,2022-09-03T09:23:44.655075
7e27e26b-1585-44de-bb8d-09609ee06526,Silver Services,Retail,Latin America,Large,313213.63,35.96,0.2459,2023-05-03T09:23:44.655093,2023-05-03T09:23:44.655093
cc57d29e-f228-4c70-bc1d-c8f4654f2e50,Grand Enterprises,Technology,Europe,Medium,110759.79,40.95,0.2682,2022-08-06T09:23:44.655111,2022-08-06T09:23:44.655111
cfac2bf8-af83-440b-8d6b-1f0dfd0c2c16,Phoenix Networks,Media & Entertainment,North America,Medium,37965.39,46.37,0.3614,2024-05-31T09:23:44.655129,2024-05-31T09:23:44.655129
6f8376ce-575b-4a76-9e18-9bff971cce35,Iron Corp,Technology,Asia Pacific,Small,17080.77,42.29,0.299,2021-07-26T09:23:44.655147,2021-07-26T09:23:44.655147
1bbaeb3d-27da-49c5-af41-f88a142e9bf8,Infinity Dynamics,Healthcare,North America,Large,772191.3,41.26,0.2989,2021-09-10T09:23:44.655165,2021-09-10T09:23:44.655165
e957ed37-0aba-45b4-a2ce-42fde91d0b2d,Eagle Corp,Manufacturing,Asia Pacific,Small,21184.01,44.31,0.3746,2024-10-14T09:23:44.655185,2024-10-14T09:23:44.655185
f84f4e72-1540-410f-8204-d31009e0d84a,Horizon Services,Healthcare,Africa,Medium,118955.07,45.04,0.3272,2021-07-07T09:23:44.655204,2021-07-07T09:23:44.655204
95c12645-bbb2-443c-9fdc-a2c90899efbc,Pacific Holdings,Real Estate,Asia Pacific,Medium,62852.57,19.18,0.2102,2025-03-24T09:23:44.655231,2025-03-24T09:23:44.655231
ca3ceb1d-52bc-4572-b90c-1a99f6ee8aea,Alpha Corp,Media & Entertainment,North America,Large,108227.32,38.88,0.33,2019-10-30T09:23:44.655255,2019-10-30T09:23:44.655255
1adf6225-ddfe-415c-8b4c-38e12710b8d6,Core Group,Retail,Europe,Small,37498.67,43.0,0.2485,2023-04-16T09:23:44.655273,2023-04-16T09:23:44.655273
4c4b7458-b287-43b7-8e76-d0cc3b9d0ccb,Iron LLC,Retail,North America,Medium,81794.09,27.19,0.1788,2022-10-07T09:23:44.655295,2022-10-07T09:23:44.655295
47fdac5f-5d7e-45af-9302-5f5821518d82,Zenith International,Construction,Middle East,Large,184150.45,33.59,0.2206,2024-03-25T09:23:44.655314,2024-03-25T09:23:44.655314
de355b62-241b-48fe-b891-02d4826a8195,Blue Enterprises,Manufacturing,North America,Small,46651.32,48.26,0.44,2020-10-31T09:23:44.655335,2020-10-31T09:23:44.655335
6c025331-deeb-44c2-baab-8cc1ee82beb4,Jade Corp,Healthcare,North America,Large,450240.95,19.78,0.1679,2020-11-07T09:23:44.655355,2020-11-07T09:23:44.655355
5cfca383-c063-4ae4-bb38-7d64d64c95fb,Green LLC,Construction,Latin America,Medium,76331.14,33.86,0.2129,2021-12-27T09:23:44.655373,2021-12-27T09:23:44.655373
2c590052-1ef1-4bad-a10a-e590c2375c79,Peak Works,Technology,North America,Large,670510.79,31.01,0.1571,2023-03-14T09:23:44.655393,2023-03-14T09:23:44.655393
e615ef6b-adf2-4aa7-8885-afbd7b7d8110,Silver Technologies,Retail,Europe,Small,9032.85,49.05,0.5353,2024-05-08T09:23:44.655411,2024-05-08T09:23:44.655411
c2f8ceb2-29c6-4d23-8ea2-59cd2f3dd02f,Metro Industries,Retail,North America,Medium,56239.01,28.72,0.1612,2024-06-08T09:23:44.655429,2024-06-08T09:23:44.655429
21ef8bf4-c8da-4e64-bff9-0f8e052c5ee0,Phoenix Partners,Real Estate,Asia Pacific,Medium,163750.48,16.84,0.1579,2021-08-09T09:23:44.655447,2021-08-09T09:23:44.655447
59b0bc91-f219-4d3f-9e46-b2cc21122b9d,Infinity Services,Manufacturing,Latin America,Large,634953.63,55.59,0.5149,2021-09-20T09:23:44.655464,2021-09-20T09:23:44.655464
fb17e383-72ee-4863-bc6d-559f20a92ded,Green Industries,Real Estate,Latin America,Small,17613.51,47.91,0.3735,2024-07-10T09:23:44.655483,2024-07-10T09:23:44.655483
48eaf33c-51b8-4927-87da-dc7da752fae1,Core Technologies,Construction,Asia Pacific,Large,166568.62,50.89,0.3847,2024-05-06T09:23:44.655503,2024-05-06T09:23:44.655503
6afeab5e-aef8-4622-9c7a-b1bc3b99fd1f,Omega Works,Construction,Europe,Medium,34966.76,21.03,0.1369,2022-10-27T09:23:44.655522,2022-10-27T09:23:44.655522
b4f26bf7-4b85-4203-8855-d84b9cc1e50c,Golden Consulting,Energy,Asia Pacific,Medium,102617.66,30.6,0.194,2020-03-11T09:23:44.655541,2020-03-11T09:23:44.655541
e56c9e7d-9170-4c7e-8623-715a563edd73,Silver Solutions,Manufacturing,Europe,Medium,181771.73,49.46,0.5153,2023-05-06T09:23:44.655561,2023-05-06T09:23:44.655561
c11d93fa-a52b-49f7-9e8b-95f2f2629e14,Nova Corp,Finance,Europe,Medium,204495.05,30.76,0.2848,2020-04-04T09:23:44.655582,2020-04-04T09:23:44.655582
875aa73d-e658-4f62-9025-9a7d87ee3a96,Titan Partners,Transportation,North America,Large,827856.81,59.01,0.4612,2019-05-20T09:23:44.655605,2019-05-20T09:23:44.655605
7cc29853-c0e7-404e-bc00-11fa97c57c13,Jade Group,Construction,Asia Pacific,Medium,103283.04,47.66,0.4124,2024-05-07T09:23:44.655622,2024-05-07T09:23:44.655622
30da3214-778d-4dc3-b293-428b8cc10782,Prime Enterprises,Healthcare,North America,Medium,56805.67,44.64,0.3275,2023-05-11T09:23:44.655640,2023-05-11T09:23:44.655640
74680622-2481-4739-941f-172502a106b8,Elite LLC,Technology,Europe,Medium,37062.53,54.74,0.3362,2019-10-27T09:23:44.655659,2019-10-27T09:23:44.655659
c0f72d3d-76ba-4c1a-9220-d31e21a5d2c1,Crown International,Retail,Latin America,Small,6471.28,50.82,0.5876,2019-07-28T09:23:44.655676,2019-07-28T09:23:44.655676
69ca3eff-575f-4d4f-bc48-88717f354e57,Horizon Networks,Technology,Latin America,Large,430175.59,64.99,0.3248,2020-04-03T09:23:44.655693,2020-04-03T09:23:44.655693
7b786c34-5d9a-4239-a1dc-2749431408e7,Solar Networks,Media & Entertainment,North America,Enterprise,1615167.25,22.34,0.2554,2024-08-19T09:23:44.655711,2024-08-19T09:23:44.655711
c110b809-1a9c-4c65-af75-93207a164eb6,Unity Holdings,Retail,Asia Pacific,Small,49055.01,30.98,0.2458,2022-03-11T09:23:44.655730,2022-03-11T09:23:44.655730
1e0f893f-b5e3-44ff-aba0-a2e1be5602dd,Phoenix LLC,Transportation,North America,Small,19494.35,36.53,0.3334,2021-02-03T09:23:44.655748,2021-02-03T09:23:44.655748
e05e2b97-6eed-4054-8fb8-f8b79a61b3eb,Pinnacle Networks,Construction,Middle East,Small,28202.61,40.22,0.4172,2024-04-03T09:23:44.655767,2024-04-03T09:23:44.655767
3a2eb135-0281-4d79-adf3-9c497100bd15,Key Inc,Media & Entertainment,Latin America,Medium,242828.93,26.26,0.1591,2019-11-10T09:23:44.655785,2019-11-10T09:23:44.655785
c32b098e-1d62-483c-9932-d27a5653b8e3,Elite Industries,Technology,Asia Pacific,Large,114653.22,31.81,0.3557,2021-11-30T09:23:44.655803,2021-11-30T09:23:44.655803
3a238830-dd1b-44ba-b952-dfd62b01cc53,Blue Holdings,Technology,Europe,Small,34902.9,34.12,0.2947,2024-04-11T09:23:44.655820,2024-04-11T09:23:44.655820
007ddcef-42e7-4511-a48b-64808ba76105,Jade Networks,Construction,Europe,Medium,26814.08,46.71,0.5193,2024-02-22T09:23:44.655840,2024-02-22T09:23:44.655840
9dcb2bc9-e0d6-4896-9c3e-03df7bf2c7d0,Luna Systems,Hospitality,North America,Large,777842.02,35.45,0.4131,2020-05-13T09:23:44.655859,2020-05-13T09:23:44.655859
f471fc68-f740-4c73-8c58-f7f0845fa9fd,Unity LLC,Construction,North America,Medium,179477.39,53.94,0.6415,2023-09-25T09:23:44.655882,2023-09-25T09:23:44.655882
3bb3ef64-49f3-4e45-9b27-c5649c7b3546,Green Services,Healthcare,Asia Pacific,Large,356428.73,29.08,0.1723,2024-09-08T09:23:44.655901,2024-09-08T09:23:44.655901
ba934787-e2e0-4644-96ac-e75fc17002c6,Prism LLC,Manufacturing,North America,Medium,40977.7,41.28,0.2841,2023-05-13T09:23:44.655920,2023-05-13T09:23:44.655920
0867bac0-6fdf-4323-988e-c56895f4a550,Bright Ventures,Technology,North America,Small,6792.21,55.3,0.4322,2020-10-15T09:23:44.655938,2020-10-15T09:23:44.655938
62bd8920-96c2-4569-98a7-680d3dc0fcc9,Iron Labs,Retail,North America,Small,8555.97,18.14,0.0976,2024-07-23T09:23:44.655958,2024-07-23T09:23:44.655958
036eb5cf-4505-414b-8682-3905ff4a6055,Advanced Holdings,Transportation,Latin America,Small,8879.58,35.97,0.4058,2023-12-17T09:23:44.655976,2023-12-17T09:23:44.655976
7a219fab-db96-4a84-b40c-d32fc61af26a,Alpha Partners,Transportation,North America,Enterprise,5468550.95,20.72,0.1829,2023-12-23T09:23:44.655994,2023-12-23T09:23:44.655994
97d6ef3c-1ec0-49a2-97e8-46f77eac6fc5,Core International,Education,North America,Small,37054.55,35.6,0.2023,2021-03-05T09:23:44.656011,2021-03-05T09:23:44.656011
69f76d27-c714-4ce8-bdc6-c6a57a809076,Pacific Partners,Transportation,North America,Large,102311.66,61.08,0.6285,2022-07-08T09:23:44.656032,2022-07-08T09:23:44.656032
d61aaa0f-78c3-4706-8a78-297e0456caa6,Global Enterprises,Finance,North America,Medium,137959.21,26.88,0.1918,2020-03-06T09:23:44.656050,2020-03-06T09:23:44.656050
471ca1fc-21b3-44de-b492-f81674fd7f77,Key Corp,Retail,Europe,Medium,129383.51,41.77,0.2524,2025-03-11T09:23:44.656069,2025-03-11T09:23:44.656069
eca87c5d-9792-405f-9642-390f4e42a039,Bright Inc,Energy,Europe,Large,376759.57,43.74,0.3979,2022-02-28T09:23:44.656086,2022-02-28T09:23:44.656086
3b1ddae1-9d0f-47a8-af1b-d1ce19612a27,Vertex Holdings,Agriculture,Middle East,Medium,182690.55,31.53,0.3009,2020-06-03T09:23:44.656105,2020-06-03T09:23:44.656105
587233bc-2858-44c5-8cf6-55fec466d81b,Eagle Group,Healthcare,North America,Small,41036.76,30.83,0.2417,2024-01-29T09:23:44.656123,2024-01-29T09:23:44.656123
4e24c3e1-c904-4ed9-85ff-7bce5ac829e5,Golden Partners,Healthcare,Europe,Medium,145583.02,20.39,0.1714,2024-11-05T09:23:44.656143,2024-11-05T09:23:44.656143
0d20a6ea-67f4-4347-a672-117e7c982b8f,Crown Corp,Technology,Asia Pacific,Enterprise,4264322.4,59.11,0.5329,2023-09-25T09:23:44.656163,2023-09-25T09:23:44.656163
2dd309a6-bfcf-42df-b7cc-de54444bcf3c,Unity Works,Technology,Latin America,Small,13915.99,51.98,0.5031,2023-01-31T09:23:44.656180,2023-01-31T09:23:44.656180
4c80cea5-2441-407e-bb81-70c35fe715ba,Vista Labs,Education,North America,Large,827998.49,31.68,0.1076,2019-09-26T09:23:44.656207,2019-09-26T09:23:44.656207
879e24fe-2d5b-4ff7-8983-1bf505594fb9,Nova Holdings,Healthcare,North America,Small,17593.45,29.58,0.2048,2022-03-01T09:23:44.656230,2022-03-01T09:23:44.656230
9f95175c-2199-4b0b-9040-1325442f7d2e,Jade Dynamics,Manufacturing,Asia Pacific,Large,324232.98,60.0,0.6631,2019-09-01T09:23:44.656249,2019-09-01T09:23:44.656249
63b07d85-ea6e-48c3-92e8-e6f7335ded23,Vertex Technologies,Finance,North America,Medium,31593.28,31.01,0.1402,2022-07-09T09:23:44.656267,2022-07-09T09:23:44.656267
3c216c69-d3d7-483d-8e62-3f3ff64fadd0,Zenith Networks,Healthcare,Latin America,Enterprise,1031132.23,24.6,0.2036,2021-09-25T09:23:44.656285,2021-09-25T09:23:44.656285
565f5188-50ec-42b7-8aa4-935c4ffdbada,Falcon Services,Agriculture,North America,Large,952802.86,23.97,0.2777,2021-11-01T09:23:44.656303,2021-11-01T09:23:44.656303
0d1147f2-cce4-4298-9de6-f0b64e120928,Atlas Corp,Technology,North America,Medium,29483.8,45.91,0.3224,2021-09-02T09:23:44.656321,2021-09-02T09:23:44.656321
a04c1886-b35b-440f-a2cd-10fc5c99f97b,Iron Partners,Technology,Asia Pacific,Small,9991.43,18.64,0.0767,2021-07-11T09:23:44.656340,2021-07-11T09:23:44.656340
435917bc-240d-431f-bbe2-3d6287b717d8,Nova Enterprises,Technology,North America,Enterprise,8022503.99,51.52,0.4879,2023-05-02T09:23:44.656358,2023-05-02T09:23:44.656358
78156bee-0593-47d5-8a30-fe33024f6fa5,Core Services,Energy,North America,Small,5080.91,47.31,0.3945,2021-09-24T09:23:44.656375,2021-09-24T09:23:44.656375
ed55957a-9a5a-4052-b0c1-c881027cd297,Advanced Industries,Technology,Asia Pacific,Small,49207.08,22.23,0.1158,2020-04-16T09:23:44.656395,2020-04-16T09:23:44.656395
6854f454-e378-4ede-b3a8-50bb78fe5801,Infinity Corp,Healthcare,Asia Pacific,Medium,202079.5,25.78,0.2414,2021-02-02T09:23:44.656412,2021-02-02T09:23:44.656412
227e042d-9501-42b1-9a57-abb0fe157377,Alpha Labs,Finance,Africa,Small,12654.73,47.17,0.3776,2019-11-20T09:23:44.656433,2019-11-20T09:23:44.656433
4d7e9936-ee0c-409a-85ea-b32119329957,Iron Technologies,Real Estate,North America,Enterprise,1992485.88,31.57,0.3403,2022-04-29T09:23:44.656451,2022-04-29T09:23:44.656451
e351c9e7-ea77-495a-8a67-5b92f934f104,Bright Services,Technology,Europe,Medium,135463.36,58.72,0.5292,2022-01-10T09:23:44.656470,2022-01-10T09:23:44.656470
4f87b527-3af2-4ed0-b514-a5acce306d1c,Apex Industries,Media & Entertainment,Europe,Medium,135046.78,33.21,0.3326,2020-04-20T09:23:44.656490,2020-04-20T09:23:44.656490
ddfa3dc9-2344-4d5e-80ae-34086a8eee1a,Silver Inc,Manufacturing,North America,Large,607821.93,26.5,0.2744,2022-10-01T09:23:44.656507,2022-10-01T09:23:44.656507
1b36b124-620d-4d4c-8bb1-edf2d98ee065,Crown Works,Media & Entertainment,Latin America,Medium,145490.74,54.58,0.6508,2023-08-25T09:23:44.656529,2023-08-25T09:23:44.656529
53fda603-a63a-4e83-9067-7843cd385e56,Advanced Global,Healthcare,Africa,Enterprise,8180376.85,32.52,0.1827,2022-03-15T09:23:44.656549,2022-03-15T09:23:44.656549
09d67d6d-23a0-4dfd-aa29-bf60546fd3a0,Nova Services,Retail,Latin America,Small,11733.9,15.39,0.2247,2021-06-11T09:23:44.656569,2021-06-11T09:23:44.656569
b0044748-a2f4-4a86-9b0c-66b68ca3948c,Prism Industries,Retail,Europe,Small,23133.83,27.84,0.3529,2024-09-30T09:23:44.656588,2024-09-30T09:23:44.656588
69f0db48-9313-4e6d-acd3-27ece2bca246,Prime Consulting,Hospitality,North America,Large,372749.46,44.75,0.4318,2020-09-25T09:23:44.656607,2020-09-25T09:23:44.656607
76e840cd-c1c4-4a0c-b1b6-30256debf473,Global Inc,Media & Entertainment,Latin America,Medium,60768.8,28.88,0.2253,2023-02-20T09:23:44.656625,2023-02-20T09:23:44.656625
f708506d-fd80-4e1f-8d02-fa8005269dcd,Phoenix Solutions,Healthcare,Europe,Enterprise,7194022.48,45.76,0.4075,2021-02-14T09:23:44.656642,2021-02-14T09:23:44.656642
4494f222-ee8b-4ee1-8338-daed8cbd4c81,Quantum Corp,Real Estate,Europe,Medium,102456.03,27.87,0.1794,2020-09-15T09:23:44.656662,2020-09-15T09:23:44.656662
295a4259-3090-40dd-b71c-64a6de13c4fa,Peak Dynamics,Media & Entertainment,Africa,Large,526687.49,46.21,0.4881,2022-03-19T09:23:44.656680,2022-03-19T09:23:44.656680
5cd9ef5f-2aae-4950-9ddb-f85c5b46f7bd,Icon Partners,Media & Entertainment,Europe,Small,18596.53,36.22,0.3348,2021-07-12T09:23:44.656699,2021-07-12T09:23:44.656699
1b8b1e03-2f71-4e4a-a4bf-5ebef27ced0c,Vertex Partners,Media & Entertainment,North America,Large,903136.42,45.52,0.5385,2020-10-07T09:23:44.656720,2020-10-07T09:23:44.656720
92541761-17ad-4624-8abc-af2adf6fa815,Key Technologies,Transportation,Asia Pacific,Large,997722.19,34.89,0.3572,2023-03-04T09:23:44.656737,2023-03-04T09:23:44.656737
36430089-8079-4e82-9fac-a6ee68d4267f,Vista Partners,Transportation,Asia Pacific,Medium,236650.29,28.87,0.2055,2020-01-08T09:23:44.656755,2020-01-08T09:23:44.656755
13380395-9633-442f-8ad0-7ee0f8e1cb9e,Spark Global,Construction,North America,Small,44214.45,36.92,0.3518,2024-09-12T09:23:44.656774,2024-09-12T09:23:44.656774
255de0f8-ce7f-4e9e-94a8-6d8f14df97e6,Solar Works,Technology,Middle East,Medium,220186.99,27.12,0.1367,2020-09-16T09:23:44.656792,2020-09-16T09:23:44.656792
0040ef57-9bc6-49de-bed8-9134a41e134c,Solar Solutions,Technology,Middle East,Small,8636.52,37.42,0.2241,2023-05-30T09:23:44.656812,2023-05-30T09:23:44.656812
a456d9a3-4558-4bb2-8224-eb0e6d83d27d,Red Systems,Manufacturing,Latin America,Small,32651.59,22.81,0.1406,2021-09-08T09:23:44.656831,2021-09-08T09:23:44.656831
87748dd4-880d-4984-b652-c8474a9af25a,Red Partners,Technology,North America,Large,303639.14,48.38,0.4759,2020-03-09T09:23:44.656851,2020-03-09T09:23:44.656851
3248713b-8cfe-4cb6-bf17-2e12ebadae7b,Delta Systems,Manufacturing,Asia Pacific,Small,49826.25,27.23,0.2213,2022-10-14T09:23:44.656869,2022-10-14T09:23:44.656869
3f192746-639b-4b2f-90d2-2774afb8a899,Zenith Holdings,Energy,Asia Pacific,Small,21496.62,49.11,0.3317,2019-12-24T09:23:44.656889,2019-12-24T09:23:44.656889
e424df0d-ce55-4206-9d9a-d55cbdba9f2f,Summit Group,Healthcare,Asia Pacific,Small,23939.22,61.15,0.4377,2019-07-25T09:23:44.656908,2019-07-25T09:23:44.656908
86913ce7-c314-4f00-ba46-764b653c0b46,Advanced Corp,Finance,Latin America,Medium,162025.41,26.65,0.0543,2019-11-29T09:23:44.656926,2019-11-29T09:23:44.656926
d06f8e87-2289-493b-8de9-f05ca5079d67,Pinnacle Enterprises,Transportation,Middle East,Large,702119.74,52.13,0.5091,2022-09-16T09:23:44.656944,2022-09-16T09:23:44.656944
48774abf-d03e-4b2c-975a-3e47d2592503,Vertex Solutions,Healthcare,North America,Large,886726.4,24.04,0.1592,2023-10-01T09:23:44.656962,2023-10-01T09:23:44.656962
6b0ee547-9522-40a6-979d-6b8a1f1082f9,Zenith Services,Finance,Middle East,Enterprise,3048939.29,32.54,0.1069,2020-12-22T09:23:44.656981,2020-12-22T09:23:44.656981
bb6bc333-c516-4f67-8403-67524f452b88,Summit Corp,Education,Asia Pacific,Large,201750.9,57.28,0.4945,2021-04-12T09:23:44.657001,2021-04-12T09:23:44.657001
f75ecd3d-1782-4064-aab7-239fe0e6c144,Solar International,Media & Entertainment,Middle East,Large,902586.52,25.01,0.2511,2019-06-01T09:23:44.657019,2019-06-01T09:23:44.657019
24834c43-1a7c-4ccc-a2c6-deee764f25b0,Eagle Ventures,Healthcare,Africa,Enterprise,5431446.95,33.34,0.1767,2020-12-25T09:23:44.657036,2020-12-25T09:23:44.657036
26be6557-e182-4e0c-ba01-7a8babfbc513,Quantum Technologies,Hospitality,Asia Pacific,Small,47046.71,34.09,0.3822,2021-08-03T09:23:44.657055,2021-08-03T09:23:44.657055
2e71612a-f8d0-472d-8daf-b885f211ebef,Core Dynamics,Retail,Europe,Large,170947.54,38.55,0.1517,2025-02-06T09:23:44.657080,2025-02-06T09:23:44.657080
25c2efc6-34ff-4676-bd7f-67c15d31b732,Metro Inc,Manufacturing,Asia Pacific,Small,9090.3,37.85,0.2679,2021-06-23T09:23:44.657109,2021-06-23T09:23:44.657109
8efaed01-9a1a-4da0-9043-3a3cbb4ecbbe,Key Networks,Education,Latin America,Small,39533.74,36.61,0.2887,2025-04-11T09:23:44.657134,2025-04-11T09:23:44.657134
81485d73-8d30-4ee1-b654-b6fd23bbb928,Crown Dynamics,Education,Africa,Small,28489.33,60.43,0.5676,2023-03-13T09:23:44.657159,2023-03-13T09:23:44.657159
e7709929-0377-4a76-802e-8876b934966f,Delta Services,Healthcare,Latin America,Small,20207.01,26.88,0.0971,2019-08-24T09:23:44.657185,2019-08-24T09:23:44.657185
9db93b53-e456-49cb-a680-3731ce4794e6,Vertex Global,Technology,Asia Pacific,Medium,122382.34,44.81,0.3813,2023-11-11T09:23:44.657217,2023-11-11T09:23:44.657217
9d4c31af-2027-474b-8a47-66d0c22b883c,Iron Ventures,Construction,Europe,Enterprise,4477315.09,32.49,0.2651,2023-10-21T09:23:44.657252,2023-10-21T09:23:44.657252
21509849-e457-409a-b367-887eb0a74a58,Zenith Partners,Media & Entertainment,Asia Pacific,Enterprise,6509541.2,26.99,0.2673,2023-04-22T09:23:44.657282,2023-04-22T09:23:44.657282
c8c3c092-a2f2-44a7-bd05-fcffb051dc8c,Eagle Inc,Transportation,Latin America,Medium,156131.41,36.11,0.3017,2024-02-08T09:23:44.657312,2024-02-08T09:23:44.657312
af467270-0075-4678-a65b-e6e7cec15702,Core Global,Transportation,North America,Large,244841.85,65.68,0.5484,2024-12-08T09:23:44.657343,2024-12-08T09:23:44.657343
b0ac3a9d-b0c1-423e-9020-b41afdb840eb,Nova Labs,Media & Entertainment,Asia Pacific,Enterprise,7552920.99,55.65,0.4242,2021-01-08T09:23:44.657371,2021-01-08T09:23:44.657371
5832de2a-0b9e-438d-9575-24d76cf45ec4,Spark Ventures,Real Estate,Africa,Small,29845.61,57.2,0.7132,2021-03-05T09:23:44.657402,2021-03-05T09:23:44.657402
494ac021-f0e8-4f55-8c5b-ea465196a823,Peak Industries,Energy,North America,Large,274147.94,22.52,0.138,2024-11-04T09:23:44.657426,2024-11-04T09:23:44.657426
f113445e-ce4a-4eb1-832a-b4895ef7adaa,Prime International,Retail,North America,Medium,82378.63,31.68,0.2556,2021-12-03T09:23:44.657444,2021-12-03T09:23:44.657444
bc9d1740-210a-489b-bcfb-5deeef82b9a5,Golden Global,Retail,North America,Large,572855.56,29.25,0.2738,2022-01-03T09:23:44.657463,2022-01-03T09:23:44.657463
a7efef90-dfe9-404e-afcf-f873a3f87539,Nova Group,Retail,Africa,Large,983019.88,57.69,0.5944,2024-11-07T09:23:44.657481,2024-11-07T09:23:44.657481
f06cffbd-d183-4a9f-b5b4-5a6cf9c1ef5f,Elite Ventures,Manufacturing,Europe,Small,46010.12,27.15,0.1596,2024-03-22T09:23:44.657500,2024-03-22T09:23:44.657500
a2bf8465-73ec-4347-87d2-48f70911fc31,Alpha Works,Retail,Asia Pacific,Small,33328.15,53.59,0.6042,2024-06-28T09:23:44.657525,2024-06-28T09:23:44.657525
26294a97-2ac9-433a-94a3-d0a14a087d88,Peak Partners,Transportation,North America,Small,13009.65,60.64,0.5259,2020-10-06T09:23:44.657557,2020-10-06T09:23:44.657557
7507aef7-1321-4f99-92e0-1a978939cc3a,Infinity Enterprises,Technology,Asia Pacific,Medium,169320.12,43.84,0.3884,2024-02-10T09:23:44.657585,2024-02-10T09:23:44.657585
9a052101-eba1-49ca-a13c-bc051ebbda9a,Iron Networks,Construction,North America,Enterprise,4123428.96,54.09,0.6542,2023-09-07T09:23:44.657615,2023-09-07T09:23:44.657615
a727f17c-9326-449f-9e2e-8eeb014da5bc,Golden Labs,Real Estate,North America,Enterprise,1843051.73,55.72,0.5572,2021-06-11T09:23:44.657646,2021-06-11T09:23:44.657646
aee4cd56-0c97-4936-83da-ec80eb5a90da,Unity Ventures,Hospitality,Middle East,Small,13279.67,24.33,0.2049,2020-02-16T09:23:44.657675,2020-02-16T09:23:44.657675
95e8c458-11b7-4fb5-8df0-29c03c64e300,Global Partners,Technology,Asia Pacific,Small,13883.79,36.67,0.2151,2024-07-08T09:23:44.657702,2024-07-08T09:23:44.657702
f948e6ac-5be6-43f5-9ebc-809b64692a84,Icon Networks,Manufacturing,Europe,Large,724112.32,63.58,0.6188,2022-10-25T09:23:44.657733,2022-10-25T09:23:44.657733
94b4ee57-d607-4bdb-900b-3b5b4bb40be7,Royal Systems,Technology,Asia Pacific,Enterprise,4897059.57,38.12,0.2737,2023-09-24T09:23:44.657766,2023-09-24T09:23:44.657766
7fda8743-b630-4955-941a-c56aad610b27,Silver Industries,Healthcare,Middle East,Small,8393.0,37.61,0.2111,2024-11-20T09:23:44.657794,2024-11-20T09:23:44.657794
16143802-6d2f-4943-b1b3-4ed1de0ee8c5,Metro Consulting,Retail,Africa,Medium,199419.38,58.0,0.5169,2019-07-30T09:23:44.657823,2019-07-30T09:23:44.657823
a55f642a-5c90-431b-aa76-7967fccea819,Prism Networks,Technology,North America,Enterprise,9827605.39,22.47,0.062,2023-08-30T09:23:44.657852,2023-08-30T09:23:44.657852
ab0bf660-cf0b-42ce-bd41-494859ff401a,Apex Partners,Technology,Latin America,Small,16896.07,53.88,0.2946,2024-10-11T09:23:44.657878,2024-10-11T09:23:44.657878
c726196f-a05d-425f-a822-46989d8e27d9,Red Industries,Technology,Africa,Medium,86536.45,39.69,0.193,2024-06-05T09:23:44.657905,2024-06-05T09:23:44.657905
883c57e8-bfea-487b-a329-337bc7d31191,Golden Holdings,Manufacturing,Middle East,Medium,104402.05,40.96,0.3609,2022-02-24T09:23:44.657941,2022-02-24T09:23:44.657941
378b013b-5231-4222-9cab-1566339059e2,Alpha Technologies,Healthcare,Europe,Large,206497.2,54.54,0.4749,2023-06-29T09:23:44.657972,2023-06-29T09:23:44.657972
5d4560d6-dc4e-4af6-98ae-203c4df5100f,Bright Systems,Technology,Asia Pacific,Small,33329.32,45.76,0.2859,2025-02-02T09:23:44.658002,2025-02-02T09:23:44.658002
5fb9775e-f045-4923-a77d-98e9906f6794,Elite Partners,Manufacturing,Africa,Enterprise,2120384.45,47.37,0.3988,2022-05-02T09:23:44.658029,2022-05-02T09:23:44.658029
233d1006-aba6-41ff-9c0a-536f8bd596da,Royal Consulting,Agriculture,Asia Pacific,Small,22019.51,42.96,0.414,2024-11-11T09:23:44.658060,2024-11-11T09:23:44.658060
9da9d2d4-fa05-4fca-9b00-7da7b1093723,Bright Enterprises,Energy,North America,Large,911786.28,38.96,0.211,2021-05-15T09:23:44.658092,2021-05-15T09:23:44.658092
7d0c6de9-bd23-4ef9-b890-b494b2dd6a50,Eagle Labs,Construction,Europe,Small,5246.13,29.45,0.3685,2024-02-08T09:23:44.658130,2024-02-08T09:23:44.658130
83d95707-d75d-40db-bbfb-9c1d30a4d7e8,Falcon Networks,Construction,North America,Enterprise,4523834.7,53.26,0.4498,2019-11-21T09:23:44.658162,2019-11-21T09:23:44.658162
7edaf6cd-32a6-4892-a9ed-18f552623069,Core Systems,Retail,Europe,Enterprise,5987685.95,26.53,0.2154,2023-06-27T09:23:44.658195,2023-06-27T09:23:44.658195
6e37ca57-872d-4925-bfe1-12b3ae1d45a3,Blue Industries,Retail,Latin America,Large,652622.83,54.77,0.4762,2024-04-23T09:23:44.658224,2024-04-23T09:23:44.658224
e4b9cf1f-c689-4254-a2b7-ccd5b2b39b8d,Advanced Systems,Healthcare,North America,Small,22294.67,35.14,0.3898,2020-05-17T09:23:44.658269,2020-05-17T09:23:44.658269
9f36c49b-9e46-4546-beda-6b3436a84339,Icon Dynamics,Media & Entertainment,Africa,Medium,68817.96,33.97,0.2962,2025-04-18T09:23:44.658304,2025-04-18T09:23:44.658304
ec9db54a-5cb7-4748-b598-6a8fda7b4870,Grand Global,Finance,Europe,Medium,141492.11,73.18,0.478,2022-03-14T09:23:44.658336,2022-03-14T09:23:44.658336
aa197069-c335-4584-b93b-cb36063a8168,Horizon Ventures,Real Estate,Europe,Medium,26046.58,52.41,0.4703,2019-07-18T09:23:44.658371,2019-07-18T09:23:44.658371
c20f9eac-632d-44e5-aeb9-4b213315cc35,Prism Group,Education,Asia Pacific,Large,969449.91,48.51,0.3513,2024-12-28T09:23:44.658408,2024-12-28T09:23:44.658408
b7dd5daa-a47b-4c90-9955-ff090d6d98e5,Green Enterprises,Healthcare,Europe,Large,298344.09,29.96,0.1645,2022-05-07T09:23:44.658441,2022-05-07T09:23:44.658441
22b3de1a-7d4e-4931-b092-d1b936359a60,Global Technologies,Technology,Asia Pacific,Large,168425.94,24.28,0.1867,2019-09-15T09:23:44.658476,2019-09-15T09:23:44.658476
0789d8c8-db42-49df-ab2e-2de544f0ae2c,Summit Partners,Energy,Middle East,Small,14124.5,28.38,0.2896,2019-10-11T09:23:44.658511,2019-10-11T09:23:44.658511
602705c7-43ca-47c6-9c6d-f0adee555e75,Quantum Networks,Retail,Africa,Enterprise,8753303.94,33.05,0.3452,2019-12-08T09:23:44.658553,2019-12-08T09:23:44.658553
cba5b6e7-02ce-4f4c-9a85-5e1a1c63a430,Falcon Ventures,Manufacturing,Asia Pacific,Small,48942.82,32.84,0.1691,2022-05-22T09:23:44.658596,2022-05-22T09:23:44.658596
58f082bb-5897-46ad-86d1-3cd3dd7e78ef,Falcon International,Healthcare,North America,Enterprise,3759416.37,48.83,0.367,2020-03-30T09:23:44.658632,2020-03-30T09:23:44.658632
c12fee92-85c2-4cbd-a3ef-bbe110a926d9,Prime Holdings,Technology,Asia Pacific,Small,9494.14,52.46,0.4061,2023-08-16T09:23:44.658663,2023-08-16T09:23:44.658663
fcc507c7-6bc7-40bc-95ea-43ff4f2062bb,Golden Industries,Telecommunications,Latin America,Medium,187126.07,38.18,0.1619,2024-08-17T09:23:44.658692,2024-08-17T09:23:44.658692
ea4fcc6c-923b-4220-9d27-a45e0011f7f0,Infinity Networks,Manufacturing,Asia Pacific,Medium,100297.72,63.75,0.5911,2023-05-06T09:23:44.658722,2023-05-06T09:23:44.658722
a734dcd4-1b52-40f2-8fef-71f4cf6c684d,Pacific Global,Finance,Europe,Large,502237.11,47.23,0.4783,2021-07-08T09:23:44.658766,2021-07-08T09:23:44.658766
e0f3e34c-3ab2-42aa-9edb-3ddb420b9f82,Metro International,Retail,Latin America,Small,12289.98,35.39,0.3378,2020-04-23T09:23:44.658803,2020-04-23T09:23:44.658803
1b583d30-790f-4148-96ab-d842e63dcabc,Red LLC,Retail,Europe,Small,43439.53,37.73,0.394,2020-11-05T09:23:44.658835,2020-11-05T09:23:44.658835
02f0372c-714f-4e38-a6bd-c353ad795651,Jade Services,Technology,Asia Pacific,Small,46921.53,54.82,0.4684,2023-05-22T09:23:44.658875,2023-05-22T09:23:44.658875
716bac28-da46-4ae2-9f71-c4d4acbc5d0d,Red Ventures,Manufacturing,Middle East,Enterprise,5711180.11,53.7,0.4175,2020-06-03T09:23:44.658914,2020-06-03T09:23:44.658914
f9d5186f-ef44-47ce-8f06-f867bede4a0d,Luna Enterprises,Finance,Europe,Medium,206059.25,32.17,0.2779,2023-10-09T09:23:44.658948,2023-10-09T09:23:44.658948
5d1c327e-9756-4699-bf24-e0a8d736015c,Silver Labs,Manufacturing,North America,Enterprise,9496096.36,37.6,0.3248,2021-02-09T09:23:44.658987,2021-02-09T09:23:44.658987
9136544c-0a96-42d6-a4a8-84f0e8c70c3a,Infinity Ventures,Manufacturing,North America,Large,450750.94,28.14,0.3587,2022-04-02T09:23:44.659025,2022-04-02T09:23:44.659025
baee066b-ad18-41eb-bfdc-d2e13a306e2a,Royal Corp,Education,Europe,Enterprise,2232868.2,46.2,0.3982,2025-01-30T09:23:44.659062,2025-01-30T09:23:44.659062
238a4808-aa41-4fd4-9318-baea10f0f471,Zenith Inc,Healthcare,North America,Small,37183.82,28.5,0.135,2019-09-17T09:23:44.659101,2019-09-17T09:23:44.659101
0261568a-8e96-4f48-8d50-4c56d757fba7,Nova Works,Finance,Latin America,Enterprise,1032364.27,51.49,0.4569,2022-07-05T09:23:44.659138,2022-07-05T09:23:44.659138
068f6272-dcf4-4528-8a81-2c7d53aa259f,Titan Inc,Healthcare,Africa,Small,38089.53,38.19,0.4661,2023-07-10T09:23:44.659170,2023-07-10T09:23:44.659170
80f1762d-d419-4a39-a62a-7a254ba01cd6,Omega Technologies,Energy,Europe,Small,26655.33,24.67,0.1796,2020-06-06T09:23:44.659199,2020-06-06T09:23:44.659199
f6120997-fb10-4eeb-990b-2503378a66c5,Atlas Networks,Technology,North America,Large,527743.61,28.14,0.1707,2024-08-17T09:23:44.659246,2024-08-17T09:23:44.659246
203000c1-ff18-42ea-adc9-a7c0801e9011,Luna Holdings,Construction,Asia Pacific,Large,213244.71,51.67,0.639,2023-02-19T09:23:44.659279,2023-02-19T09:23:44.659279
320e2b96-9391-4779-9ddb-01556c5a3d06,Blue Consulting,Healthcare,North America,Large,603122.31,45.01,0.3147,2023-07-03T09:23:44.659300,2023-07-03T09:23:44.659300
a5d95a21-a311-43c0-af25-bb6282a6fef5,Jade LLC,Healthcare,North America,Small,21520.07,68.18,0.7621,2022-08-15T09:23:44.659323,2022-08-15T09:23:44.659323
a0ea6bd5-1581-408c-a91e-8364c74de309,Vertex LLC,Construction,Europe,Medium,142915.7,40.88,0.4377,2019-06-07T09:23:44.659343,2019-06-07T09:23:44.659343
b32d484e-2b97-4ca3-99de-5d8b315e394a,Blue Corp,Technology,Africa,Small,6407.32,30.44,0.0961,2022-06-06T09:23:44.659364,2022-06-06T09:23:44.659364
466672dc-254a-4080-8126-e0ae8792cdd3,Atlas Global,Agriculture,North America,Medium,225197.65,29.38,0.3241,2021-02-28T09:23:44.659386,2021-02-28T09:23:44.659386
ab50cf41-d112-489b-84b3-01fcb7ff369e,Silver Ventures,Healthcare,North America,Small,18675.7,20.82,0.0857,2019-05-26T09:23:44.659405,2019-05-26T09:23:44.659405
cd58d7a9-2157-4fa6-9497-808bde944398,Luna Partners,Manufacturing,North America,Medium,105541.76,31.63,0.2143,2020-05-01T09:23:44.659426,2020-05-01T09:23:44.659426
525623e8-354b-42e2-8a59-5835227892e2,Phoenix Dynamics,Retail,Africa,Large,471108.96,29.29,0.2214,2022-06-14T09:23:44.659447,2022-06-14T09:23:44.659447
bfb57232-1356-49e6-b5b3-9a6c09aaed06,Silver Consulting,Technology,North America,Small,5733.61,26.33,0.0946,2022-03-16T09:23:44.659467,2022-03-16T09:23:44.659467
4ed16017-63a3-4b38-b46a-78c0488578d9,Blue Partners,Retail,Middle East,Small,6698.13,46.81,0.3625,2024-04-08T09:23:44.659485,2024-04-08T09:23:44.659485
678201ab-a85e-48d1-ae7c-39ac14385a1d,Atlas Partners,Education,North America,Large,720635.59,33.66,0.3141,2024-06-02T09:23:44.659506,2024-06-02T09:23:44.659506
db8d0418-ad1b-499f-baf8-56d6f3e1d98e,Jade Ventures,Finance,Latin America,Medium,220262.0,23.79,0.0195,2024-11-02T09:23:44.659529,2024-11-02T09:23:44.659529
36486fd0-64cf-4998-9fec-2384accd4ced,Delta Partners,Retail,Europe,Large,237877.73,40.7,0.2647,2023-08-22T09:23:44.659550,2023-08-22T09:23:44.659550
d7bef3c1-4d31-4d5c-ba73-6be191915d40,Silver Global,Technology,Asia Pacific,Small,22963.61,37.85,0.195,2023-02-06T09:23:44.659569,2023-02-06T09:23:44.659569
b414ea18-308a-4fa4-bb4f-f7ad48b827da,Star Corp,Telecommunications,Europe,Small,16981.57,45.55,0.2962,2023-03-01T09:23:44.659588,2023-03-01T09:23:44.659588
7692f168-2a61-4b8a-a919-4a0ff769486e,Bright Group,Energy,North America,Small,41971.28,37.6,0.2083,2023-07-21T09:23:44.659611,2023-07-21T09:23:44.659611
57a2ebfa-92b5-4764-8bf5-af0460ce36c4,Golden Ventures,Energy,North America,Medium,58227.34,42.99,0.2297,2022-12-04T09:23:44.659629,2022-12-04T09:23:44.659629
85150274-149d-411d-ad5e-8af2a24ae106,Atlas Enterprises,Retail,North America,Medium,189232.81,22.8,0.1812,2023-05-23T09:23:44.659649,2023-05-23T09:23:44.659649
97cc95dd-7cb6-4b17-b385-56bfb3417ae0,Quantum Group,Healthcare,Asia Pacific,Small,25923.24,21.1,0.1896,2021-01-11T09:23:44.659669,2021-01-11T09:23:44.659669
1600f567-544a-49d4-ad19-4e58d9e3dbc9,Key Services,Hospitality,Europe,Medium,44804.65,52.23,0.6227,2021-11-18T09:23:44.659687,2021-11-18T09:23:44.659687
52bb1440-2c27-4ec6-b230-55f9f3c3fc74,Key Dynamics,Manufacturing,North America,Small,20836.09,41.06,0.5359,2024-12-20T09:23:44.659709,2024-12-20T09:23:44.659709
fa8aaa94-1dbd-4076-b49f-d94f2ce17090,Phoenix Ventures,Construction,North America,Medium,241136.28,39.24,0.3566,2021-08-10T09:23:44.659738,2021-08-10T09:23:44.659738
946ddb2f-8ff3-4ead-86d3-9a46fab58224,Unity International,Technology,Asia Pacific,Medium,178910.94,50.95,0.5104,2023-09-03T09:23:44.659756,2023-09-03T09:23:44.659756
361183cc-86e9-4193-9705-c9c61b70c1c7,Titan Industries,Agriculture,Europe,Medium,238435.35,62.18,0.5703,2020-05-01T09:23:44.659775,2020-05-01T09:23:44.659775
42c57df1-6dc2-4527-a3d9-136d01ed8bcf,Star Services,Healthcare,North America,Small,6178.92,39.81,0.3538,2019-12-15T09:23:44.659795,2019-12-15T09:23:44.659795
ea1f77c0-055e-4bc2-8798-f75af5a12d35,Golden LLC,Transportation,Europe,Enterprise,5168733.17,26.34,0.2311,2020-09-01T09:23:44.659814,2020-09-01T09:23:44.659814
7b9ef9fe-7fac-4ae9-b599-d4dde7bfac79,Summit International,Healthcare,Africa,Medium,163838.36,37.54,0.432,2020-11-17T09:23:44.659839,2020-11-17T09:23:44.659839
ba9dfb93-1d82-44d6-84d4-c5941e9e4500,Iron Enterprises,Construction,Europe,Enterprise,7975738.69,32.82,0.3031,2024-09-30T09:23:44.659857,2024-09-30T09:23:44.659857
cda90bcd-afe8-4e3c-9487-6aa5a9b7ac39,Jade Works,Manufacturing,Europe,Medium,37273.0,46.73,0.4623,2020-08-30T09:23:44.659878,2020-08-30T09:23:44.659878
cb599a19-8933-4b8c-a127-7f7e344fc0c0,Summit Solutions,Technology,Europe,Enterprise,9010051.62,54.85,0.4976,2019-07-25T09:23:44.659898,2019-07-25T09:23:44.659898
80b71735-38f9-44c4-8159-4980b3727c9a,Phoenix Enterprises,Manufacturing,Europe,Large,921027.5,33.8,0.2343,2020-08-05T09:23:44.659917,2020-08-05T09:23:44.659917
58ed8eab-59b5-42c8-a3c2-6e8bb9f49f1d,Green Systems,Construction,North America,Small,14128.33,34.53,0.3509,2019-10-07T09:23:44.659941,2019-10-07T09:23:44.659941
8fee0793-144d-434a-bd6f-1b1a0177cef4,Falcon Holdings,Retail,Europe,Medium,42866.11,34.65,0.2681,2024-10-01T09:23:44.659958,2024-10-01T09:23:44.659958
b8711f62-6159-415d-9128-42d69f6995bf,Solar Ventures,Technology,Europe,Small,6459.44,41.95,0.326,2023-06-29T09:23:44.659976,2023-06-29T09:23:44.659976
d7c1ef70-d427-4456-a6af-b06813e344e7,Delta Group,Healthcare,Europe,Medium,234582.96,50.24,0.4849,2024-07-28T09:23:44.659996,2024-07-28T09:23:44.659996
8f386390-d57b-44c5-9e43-259eb8e73b91,Zenith Global,Transportation,North America,Medium,143045.4,13.43,0.0678,2019-11-16T09:23:44.660015,2019-11-16T09:23:44.660015
2ce4448c-0a2c-4084-b1ef-60cb3b8c7803,Falcon Global,Agriculture,Africa,Small,32398.01,28.46,0.1819,2019-10-11T09:23:44.660034,2019-10-11T09:23:44.660034
eac4b64f-c3d2-45ab-b61f-850bc9f6cd8a,Zenith Enterprises,Healthcare,North America,Small,10319.32,44.95,0.4283,2022-12-02T09:23:44.660054,2022-12-02T09:23:44.660054
9b2d815e-054c-4e8b-be6d-f31ae906e5dc,Prism Inc,Healthcare,North America,Small,29749.71,42.54,0.421,2021-07-05T09:23:44.660073,2021-07-05T09:23:44.660073
1d42bbdf-721a-4108-be10-1a353ee7d078,Alpha Systems,Construction,Europe,Medium,225713.12,39.56,0.5241,2021-12-10T09:23:44.660093,2021-12-10T09:23:44.660093
4f302b3e-1b1c-408e-a798-74e50ffa41b5,Star Group,Retail,Europe,Enterprise,8059936.6,56.45,0.541,2023-03-14T09:23:44.660113,2023-03-14T09:23:44.660113
17bf7d8a-a32b-4a77-9a8d-c5c2b4241c66,Red Enterprises,Media & Entertainment,Latin America,Large,383049.46,62.0,0.4431,2022-11-16T09:23:44.660133,2022-11-16T09:23:44.660133
a39d7da8-6145-4fa3-9128-1bd99745393d,Jade Holdings,Healthcare,Europe,Small,14094.43,65.4,0.6256,2019-11-17T09:23:44.660150,2019-11-17T09:23:44.660150
371e79b7-0dcf-4503-af81-bc791775979b,Pinnacle Inc,Energy,North America,Enterprise,5403392.89,43.58,0.5208,2021-07-24T09:23:44.660170,2021-07-24T09:23:44.660170
3259902a-d11c-45f1-a3b8-e46b56b1cef7,Icon Holdings,Technology,Latin America,Large,120232.24,31.85,0.1162,2020-05-09T09:23:44.660190,2020-05-09T09:23:44.660190
633bcd67-8fbc-42bd-9f1c-423f2196c825,Iron Global,Healthcare,North America,Enterprise,5816444.75,50.42,0.5875,2022-07-22T09:23:44.660208,2022-07-22T09:23:44.660208
11f9ec3b-6d53-4058-bc53-04719206b768,Summit Networks,Hospitality,Europe,Small,6304.67,33.45,0.4294,2020-04-19T09:23:44.660244,2020-04-19T09:23:44.660244
30e8c7d7-b1a5-4a91-a96c-1c564e103b02,Core Works,Finance,Latin America,Large,703783.24,54.49,0.4349,2020-01-18T09:23:44.660263,2020-01-18T09:23:44.660263
079a5892-5ff6-4710-9980-f2383a08e969,Star International,Finance,Asia Pacific,Large,523491.29,45.41,0.3436,2023-05-21T09:23:44.660282,2023-05-21T09:23:44.660282
21a7d7c4-5829-47f4-81ce-ca5081473a2b,Prism Dynamics,Technology,North America,Large,817082.0,57.51,0.432,2022-07-26T09:23:44.660301,2022-07-26T09:23:44.660301
9cf32043-5d11-4886-9ec7-a0f2f9ffd023,Falcon Enterprises,Technology,North America,Large,488033.65,22.92,0.1843,2019-11-04T09:23:44.660320,2019-11-04T09:23:44.660320
c64929dc-a089-48cd-9daf-dfb7da9da405,Peak Networks,Real Estate,North America,Small,41633.0,37.13,0.3436,2025-04-19T09:23:44.660343,2025-04-19T09:23:44.660343
6f7c0418-8e18-4cf1-9cf5-f13db522d19c,Crown Enterprises,Telecommunications,Asia Pacific,Medium,139845.37,21.76,0.0837,2021-04-09T09:23:44.660367,2021-04-09T09:23:44.660367
54f01827-acb7-4066-93c3-f485d87f86d2,Silver Dynamics,Media & Entertainment,North America,Large,454841.49,34.38,0.301,2023-03-11T09:23:44.660385,2023-03-11T09:23:44.660385
1122ae09-6608-4c70-bdb3-8230c4930195,Bright Holdings,Media & Entertainment,Europe,Medium,89905.95,39.18,0.3923,2023-10-11T09:23:44.660405,2023-10-11T09:23:44.660405
439f568b-5145-4ee5-8bbc-ace560dc32e8,Grand Solutions,Construction,Europe,Medium,202508.9,25.36,0.2136,2021-04-25T09:23:44.660423,2021-04-25T09:23:44.660423
f27a3580-c99d-48bb-b23f-93a7eb0080ce,Eagle Consulting,Manufacturing,North America,Medium,189455.51,27.17,0.1682,2024-05-27T09:23:44.660442,2024-05-27T09:23:44.660442
f470f54a-33b1-49ec-acb2-53fcdaabcefa,Spark Enterprises,Telecommunications,Africa,Large,518442.69,21.49,0.2235,2024-06-04T09:23:44.660459,2024-06-04T09:23:44.660459
91b514ad-4048-4f32-be8a-a5375e42d6b5,Infinity Solutions,Construction,Middle East,Medium,27426.27,53.42,0.3658,2021-12-30T09:23:44.660480,2021-12-30T09:23:44.660480
ec082a5e-8828-43c8-aec2-6c27964cb6ea,Icon Industries,Technology,Middle East,Large,754274.54,41.28,0.4015,2024-12-29T09:23:44.660498,2024-12-29T09:23:44.660498
ae85ecbc-dcc1-440e-9baf-a2b2549de4d8,Zenith Technologies,Technology,North America,Enterprise,634928.6,57.37,0.3868,2022-05-15T09:23:44.660517,2022-05-15T09:23:44.660517
1e7e1d1e-1fa7-485e-b12c-3cad4c56ab44,Golden International,Manufacturing,Latin America,Enterprise,3757055.96,49.42,0.5216,2020-05-13T09:23:44.660539,2020-05-13T09:23:44.660539
cba958f4-07c2-4500-8904-f0144072413b,Vista Dynamics,Energy,Europe,Medium,194983.88,39.32,0.41,2019-04-30T09:23:44.660557,2019-04-30T09:23:44.660557
d2886491-5538-4103-bf11-523fabf6e15a,Pinnacle Technologies,Manufacturing,North America,Enterprise,612698.88,34.36,0.3011,2020-11-29T09:23:44.660578,2020-11-29T09:23:44.660578
7d62e451-02fd-493c-aea4-e0f5e482e351,Red Group,Energy,Asia Pacific,Small,20183.3,35.08,0.2729,2024-03-15T09:23:44.660596,2024-03-15T09:23:44.660596
709a1fba-07de-4b45-aa7f-9ef657cf6f74,Crown LLC,Transportation,Europe,Large,326706.5,33.09,0.3305,2023-12-08T09:23:44.660614,2023-12-08T09:23:44.660614
d8ebbef3-1f1b-44c4-bf7a-4790d02c4428,Horizon Solutions,Media & Entertainment,North America,Large,909907.49,27.04,0.2836,2022-03-14T09:23:44.660632,2022-03-14T09:23:44.660632
3be40607-0c1d-4855-80f7-2ca0e12612c5,Unity Group,Education,North America,Small,22486.57,40.73,0.3369,2020-06-18T09:23:44.660652,2020-06-18T09:23:44.660652
4be29b96-1a57-4563-a4f4-9cabf9fc5386,Vertex Dynamics,Agriculture,Asia Pacific,Small,8281.38,41.17,0.3674,2024-11-16T09:23:44.660671,2024-11-16T09:23:44.660671
c0e2ac14-0be1-43f4-999a-960c7a1aa075,Royal Technologies,Healthcare,Asia Pacific,Enterprise,5959082.39,30.85,0.3656,2024-07-06T09:23:44.660688,2024-07-06T09:23:44.660688
941fc7fa-23aa-41b7-993e-291c7307883b,Metro Ventures,Technology,Africa,Large,533859.71,37.04,0.1574,2024-04-13T09:23:44.660706,2024-04-13T09:23:44.660706
14e61000-8578-4ada-948f-2e147a9f7c22,Core Networks,Media & Entertainment,Europe,Large,784407.77,42.58,0.3913,2020-12-04T09:23:44.660746,2020-12-04T09:23:44.660746
f4280541-10f8-43de-a723-f04ac1dbee95,Apex Dynamics,Manufacturing,Middle East,Medium,67629.51,44.66,0.5291,2025-02-11T09:23:44.660767,2025-02-11T09:23:44.660767
41034883-f293-45b8-bb5f-35635bc64137,Prime Corp,Technology,Latin America,Large,512533.33,24.76,0.1368,2023-09-18T09:23:44.660786,2023-09-18T09:23:44.660786
759a3b4a-5ff9-4641-865e-b798a3b0ea82,Spark LLC,Manufacturing,Middle East,Small,36558.36,22.77,0.232,2023-05-21T09:23:44.660805,2023-05-21T09:23:44.660805
42209733-ff84-4ebc-b950-f62ae8a75e52,Royal Holdings,Education,North America,Medium,204814.43,43.04,0.4414,2021-08-30T09:23:44.660822,2021-08-30T09:23:44.660822
7c8faa2b-ff8e-40e8-b173-d1ac0e145409,Phoenix Technologies,Finance,Africa,Small,7051.39,44.01,0.3016,2023-06-14T09:23:44.660844,2023-06-14T09:23:44.660844
15a58cb0-fd61-4a80-a443-11ccb9f4b182,Infinity Labs,Agriculture,North America,Small,43131.5,21.37,0.1863,2024-04-19T09:23:44.660862,2024-04-19T09:23:44.660862
dfeda93e-cdb9-45be-a571-a35828736e69,Luna Labs,Transportation,Latin America,Medium,53550.79,54.85,0.4913,2023-04-13T09:23:44.660882,2023-04-13T09:23:44.660882
b2d53d96-121e-473e-b1bd-e48e00e0b64f,Global Group,Technology,North America,Small,28858.96,68.78,0.5608,2022-12-19T09:23:44.660902,2022-12-19T09:23:44.660902
a7120c6c-3283-49cf-b05c-fbcfc7d8c498,Summit Works,Education,Asia Pacific,Enterprise,5006921.98,31.54,0.1442,2021-07-20T09:23:44.660920,2021-07-20T09:23:44.660920
0b801683-ef57-4ae3-a682-1adc658ae63e,Pacific Systems,Technology,Asia Pacific,Enterprise,2170932.28,16.88,0.0897,2021-08-23T09:23:44.660940,2021-08-23T09:23:44.660940
912fa1b7-fb78-4d89-ae66-aaadeab9d53d,Atlas Labs,Energy,Middle East,Small,9955.98,41.89,0.3727,2019-11-13T09:23:44.660958,2019-11-13T09:23:44.660958
d450cb16-be7b-461b-a0d0-326ebdf052df,Pinnacle Labs,Technology,Middle East,Medium,112149.32,56.93,0.481,2024-08-18T09:23:44.660977,2024-08-18T09:23:44.660977
49bf3c96-8cc2-4a11-97eb-d3fdda2a471a,Pacific Consulting,Healthcare,Europe,Enterprise,6234541.84,33.13,0.3761,2024-04-30T09:23:44.660995,2024-04-30T09:23:44.660995
d7488fd1-64df-4288-89db-f69148ce8ade,Solar Corp,Manufacturing,Africa,Medium,213322.53,59.11,0.4887,2023-08-18T09:23:44.661014,2023-08-18T09:23:44.661014
b6ba0d0f-fedd-4493-8421-0e706ecadf29,Zenith Labs,Manufacturing,North America,Enterprise,7468024.87,33.11,0.2956,2019-09-30T09:23:44.661032,2019-09-30T09:23:44.661032
915b420d-9bff-458f-a8f3-a26faa66a344,Pinnacle Works,Real Estate,North America,Small,34143.81,39.27,0.4808,2025-01-10T09:23:44.661052,2025-01-10T09:23:44.661052
d2409403-2705-46db-bc23-fb3ea99a93dd,Icon Global,Energy,Middle East,Medium,202718.21,51.31,0.4967,2021-07-26T09:23:44.661072,2021-07-26T09:23:44.661072
4bb088bb-ad04-4f46-9328-c5c4469d13e4,Nova Networks,Retail,Latin America,Large,172863.14,12.12,0.1095,2024-01-21T09:23:44.661092,2024-01-21T09:23:44.661092
1143c800-1781-425d-b642-4bfc912689de,Grand Partners,Manufacturing,North America,Medium,170838.85,23.06,0.1873,2022-12-12T09:23:44.661114,2022-12-12T09:23:44.661114
b03e53b9-3358-47ae-bab9-09ea7cf5e960,Infinity Works,Finance,North America,Large,349430.8,59.95,0.51,2019-04-29T09:23:44.661137,2019-04-29T09:23:44.661137
98ced867-281e-4127-b616-188f51a11f17,Titan Corp,Construction,Latin America,Enterprise,8183560.83,48.43,0.5216,2023-08-22T09:23:44.661156,2023-08-22T09:23:44.661156
dce16183-c439-4202-baaf-1a7f1a23ee64,Pacific International,Finance,Africa,Medium,54706.16,51.73,0.4675,2022-09-11T09:23:44.661176,2022-09-11T09:23:44.661176
f0a00ce5-07b6-4b98-a460-9dd065945bd7,Horizon Technologies,Finance,Asia Pacific,Small,31701.08,39.16,0.2514,2023-05-17T09:23:44.661194,2023-05-17T09:23:44.661194
a21a1a77-de8f-4d22-aca5-127bc8338b0d,Elite Technologies,Manufacturing,Africa,Large,142587.04,26.33,0.234,2023-05-02T09:23:44.661214,2023-05-02T09:23:44.661214
141d6601-403a-421a-9b7d-ed53d57cf099,Royal Solutions,Technology,Africa,Medium,124199.94,49.3,0.4442,2020-04-09T09:23:44.661242,2020-04-09T09:23:44.661242
3647a12d-590e-436d-b3de-fb07d12b0e4b,Key Group,Retail,North America,Small,46898.1,42.79,0.261,2023-08-26T09:23:44.661263,2023-08-26T09:23:44.661263
dd1f3afe-8ddd-4c54-8a0c-f68a4341b3e4,Global Corp,Energy,Middle East,Small,29793.2,60.31,0.4457,2022-03-08T09:23:44.661283,2022-03-08T09:23:44.661283
c62c3d00-b677-4857-a628-2367209f1f77,Metro Dynamics,Technology,Latin America,Large,961861.33,35.0,0.2672,2020-07-03T09:23:44.661302,2020-07-03T09:23:44.661302
396cb2ea-0a0d-404d-8756-034eb4972138,Delta International,Manufacturing,North America,Medium,244942.82,27.15,0.269,2020-08-27T09:23:44.661321,2020-08-27T09:23:44.661321
d797e305-32a7-46c5-92bb-5f93192e2405,Global Solutions,Construction,North America,Small,49477.21,47.99,0.4816,2023-10-07T09:23:44.661343,2023-10-07T09:23:44.661343
7d9fbc7c-74e4-436d-a8bf-63231ae24659,Horizon Enterprises,Media & Entertainment,North America,Medium,210129.82,52.38,0.3978,2023-07-29T09:23:44.661361,2023-07-29T09:23:44.661361
a101fabe-6ec9-4455-9184-8a34ebe64e09,Star Networks,Real Estate,Latin America,Medium,172107.92,46.63,0.222,2024-07-20T09:23:44.661379,2024-07-20T09:23:44.661379
b2f99d7e-a9f1-47bc-9707-55b7ffa719f9,Spark Inc,Retail,Asia Pacific,Enterprise,6465962.45,22.25,0.1338,2023-06-22T09:23:44.661397,2023-06-22T09:23:44.661397
e4fa5c97-adda-47ef-850e-0626199f3d82,Quantum Systems,Technology,Europe,Large,421646.92,60.77,0.5738,2024-06-09T09:23:44.661417,2024-06-09T09:23:44.661417
a898e1b2-8383-4787-91d6-96c334c74990,Core Ventures,Energy,North America,Small,38868.28,58.42,0.4305,2021-03-27T09:23:44.661434,2021-03-27T09:23:44.661434
3ec8dfe4-7cee-4f6d-b83d-c922ce6bdc69,Summit Consulting,Retail,Latin America,Small,28317.68,38.12,0.3597,2022-10-27T09:23:44.661453,2022-10-27T09:23:44.661453
e8711585-a9dd-4a42-b815-0b0ac8ab626f,Delta Works,Media & Entertainment,Asia Pacific,Large,822322.25,27.74,0.2329,2021-03-26T09:23:44.661477,2021-03-26T09:23:44.661477
c34a86ab-78e9-44af-a4ab-3c5fca320954,Apex Systems,Hospitality,Asia Pacific,Large,407840.62,57.14,0.6333,2020-06-18T09:23:44.661498,2020-06-18T09:23:44.661498
ba9f5c88-0cf4-4d73-9713-d188c889a3aa,Eagle Industries,Technology,Latin America,Medium,38334.68,21.32,0.1831,2022-12-30T09:23:44.661517,2022-12-30T09:23:44.661517
7cc944b6-634e-44ce-8809-756d265e4b9c,Advanced Group,Real Estate,Europe,Small,27528.55,35.06,0.298,2022-11-13T09:23:44.661540,2022-11-13T09:23:44.661540
0bab000e-29fe-4585-9db4-1496e8602073,Grand Labs,Agriculture,Middle East,Enterprise,5009797.29,27.7,0.4498,2020-07-17T09:23:44.661560,2020-07-17T09:23:44.661560
2c704e69-d324-4c33-b98d-36d268107c4a,Pinnacle Global,Technology,Africa,Small,9964.23,57.96,0.5452,2024-01-02T09:23:44.661579,2024-01-02T09:23:44.661579
41e1a003-232a-4e8a-93e1-34fa67e028be,Falcon Corp,Energy,Asia Pacific,Large,303286.09,33.01,0.3736,2021-03-06T09:23:44.661599,2021-03-06T09:23:44.661599
2ffe8df2-a488-4189-93bc-69009e193897,Global Global,Telecommunications,Europe,Small,24712.63,24.19,0.1058,2023-05-29T09:23:44.661617,2023-05-29T09:23:44.661617
0cb4fa7a-063a-4bdc-a9b3-2fe749f07a07,Luna Services,Media & Entertainment,Europe,Small,24111.69,40.1,0.4525,2020-10-23T09:23:44.661637,2020-10-23T09:23:44.661637
641755d3-fcd9-467a-9740-ccfede8af03f,Core Inc,Construction,Africa,Enterprise,5358437.89,45.04,0.3525,2024-12-19T09:23:44.661655,2024-12-19T09:23:44.661655
70adb5e0-62f2-424a-ba49-feada8c708ca,Vertex Services,Media & Entertainment,Europe,Small,13059.31,23.26,0.2319,2019-06-21T09:23:44.661672,2019-06-21T09:23:44.661672
736893a3-046c-4680-be82-8ef10c940277,Apex Solutions,Retail,North America,Small,43685.25,19.81,0.2101,2021-10-09T09:23:44.661692,2021-10-09T09:23:44.661692
4a1d6908-af54-4396-9da0-4d5d57db7683,Prism Ventures,Retail,Middle East,Small,36772.66,51.74,0.5218,2020-01-12T09:23:44.661711,2020-01-12T09:23:44.661711
467343c7-c1cc-44a0-bc8a-c49ddc53b5be,Luna Inc,Media & Entertainment,Europe,Medium,136305.5,30.98,0.1036,2024-12-30T09:23:44.661732,2024-12-30T09:23:44.661732
89a94c93-5cb4-4f38-96b8-0388b7f53d0b,Alpha Services,Construction,North America,Medium,158319.63,25.13,0.1157,2019-07-12T09:23:44.661759,2019-07-12T09:23:44.661759
06098449-f471-480f-80fb-704406a5064d,Elite Global,Retail,Africa,Medium,112817.68,30.01,0.1689,2021-06-29T09:23:44.661778,2021-06-29T09:23:44.661778
cb8edb36-258d-4da1-983c-8148b0b9f937,Spark Partners,Finance,Africa,Small,33594.99,38.72,0.2819,2024-03-27T09:23:44.661797,2024-03-27T09:23:44.661797
e9be009e-394d-420e-8907-f90276cbd150,Titan Consulting,Finance,Asia Pacific,Medium,121098.83,40.32,0.2066,2022-06-25T09:23:44.661816,2022-06-25T09:23:44.661816
afe258d1-297a-46a7-882f-b2cf41aa3986,Eagle Technologies,Media & Entertainment,Asia Pacific,Small,48295.27,39.09,0.2387,2024-08-17T09:23:44.661837,2024-08-17T09:23:44.661837
e95094f3-6d97-4f5e-94f8-3cf78d7856a6,Horizon Global,Healthcare,Asia Pacific,Small,24592.5,30.71,0.0907,2023-07-02T09:23:44.661857,2023-07-02T09:23:44.661857
251b416f-2cfd-4f5e-ad60-66f478baf9bc,Delta Corp,Healthcare,North America,Small,6246.69,36.37,0.1392,2023-01-13T09:23:44.661876,2023-01-13T09:23:44.661876
564d49ac-6791-4206-895e-0a357d1e8824,Blue Labs,Healthcare,Latin America,Large,258386.7,28.05,0.2293,2021-12-16T09:23:44.661895,2021-12-16T09:23:44.661895
14092ae0-37ac-4f7e-bd8b-859bb975112d,Jade Partners,Hospitality,Asia Pacific,Enterprise,4270502.98,25.12,0.1961,2019-05-30T09:23:44.661914,2019-05-30T09:23:44.661914
1d455ea2-1753-4853-91e1-0033ab86f991,Metro Group,Media & Entertainment,Asia Pacific,Large,769563.08,42.01,0.3907,2019-04-26T09:23:44.661937,2019-04-26T09:23:44.661937
989a1f33-5822-4d89-9445-577e2d961a79,Vertex Inc,Finance,Europe,Large,966983.81,25.56,0.1224,2024-11-28T09:23:44.661955,2024-11-28T09:23:44.661955
f443b5de-bc3e-4813-b542-457da5404ea5,Omega Industries,Transportation,Latin America,Small,29872.76,45.76,0.4178,2020-05-03T09:23:44.661973,2020-05-03T09:23:44.661973
cb6516e6-4374-4148-9642-e2a0e820965a,Prime Services,Finance,Africa,Large,367680.61,48.95,0.4437,2024-05-26T09:23:44.661993,2024-05-26T09:23:44.661993
46957e9c-008a-4dc8-9153-6ea6d4d003ab,Pinnacle Corp,Energy,Middle East,Small,24006.47,22.49,0.1766,2021-08-20T09:23:44.662012,2021-08-20T09:23:44.662012
86424f0e-b964-4515-8a94-3101508e3f26,Star Labs,Energy,Asia Pacific,Small,24953.22,57.82,0.4391,2023-11-04T09:23:44.662030,2023-11-04T09:23:44.662030
cb7c779b-9d43-4958-8e7c-aa20669e199f,Omega Dynamics,Education,Europe,Medium,190413.72,62.56,0.5483,2023-04-05T09:23:44.662048,2023-04-05T09:23:44.662048
84df837d-0bfb-4ebb-9e1b-cc7923adb09d,Eagle LLC,Real Estate,Middle East,Small,47664.91,46.01,0.3521,2022-05-20T09:23:44.662067,2022-05-20T09:23:44.662067
7015770e-3b52-4a49-b353-11da9628f5f2,Peak Systems,Real Estate,North America,Medium,28175.85,49.52,0.3705,2022-04-25T09:23:44.662089,2022-04-25T09:23:44.662089
20f40194-b82c-4a25-9105-de504d492089,Vista Works,Construction,Africa,Small,35473.49,35.35,0.276,2022-07-07T09:23:44.662109,2022-07-07T09:23:44.662109
ecb45493-3fb6-4e5d-8618-953e8e1a518d,Luna Global,Technology,Europe,Enterprise,9756792.18,36.16,0.2514,2024-08-22T09:23:44.662129,2024-08-22T09:23:44.662129
ae3d6635-765d-44ca-a289-63fce7f74429,Spark Solutions,Agriculture,Africa,Medium,193354.41,62.71,0.5791,2024-11-02T09:23:44.662153,2024-11-02T09:23:44.662153
17a2f446-a869-4c0b-aadf-0b48985b09db,Prime Industries,Healthcare,Europe,Enterprise,8840019.14,52.33,0.4871,2023-11-13T09:23:44.662179,2023-11-13T09:23:44.662179
e89b6f1d-b3f3-4735-a80b-25528689c579,Vertex Works,Energy,Middle East,Small,44462.14,26.66,0.2265,2019-10-16T09:23:44.662202,2019-10-16T09:23:44.662202
a47e3c89-6978-454d-a9d1-186ebfde5cc1,Pinnacle Services,Technology,North America,Small,6613.8,42.25,0.3476,2021-04-20T09:23:44.662235,2021-04-20T09:23:44.662235
5fbc6054-2873-4cc2-9127-533d659b5d9e,Spark Corp,Technology,Asia Pacific,Small,20732.19,53.66,0.5616,2022-12-02T09:23:44.662263,2022-12-02T09:23:44.662263
1e63d8f0-2f64-4ebf-bc65-c65113281b1a,Pinnacle Industries,Retail,Asia Pacific,Medium,42287.98,42.15,0.3038,2024-02-10T09:23:44.662291,2024-02-10T09:23:44.662291
218310a1-2a79-4683-a401-cac1fb485741,Green Dynamics,Construction,North America,Enterprise,6733641.19,38.44,0.4114,2021-01-08T09:23:44.662323,2021-01-08T09:23:44.662323
87663dc2-ee49-4aca-9295-62fa9e6bb4c6,Delta Networks,Technology,Middle East,Small,40077.16,50.24,0.366,2021-10-27T09:23:44.662355,2021-10-27T09:23:44.662355
a7d3c419-324c-4bc4-8031-cb3e248bec13,Quantum Partners,Construction,Latin America,Medium,135165.18,43.54,0.4643,2020-07-10T09:23:44.662377,2020-07-10T09:23:44.662377
d0c40015-614a-4b1f-a540-0a59e9eae24c,Green Consulting,Telecommunications,Asia Pacific,Medium,185567.98,30.4,0.2464,2023-11-13T09:23:44.662401,2023-11-13T09:23:44.662401
8740ee70-6f36-49cc-bf12-95a69fdfd7eb,Horizon International,Manufacturing,Asia Pacific,Medium,231392.95,26.65,0.2908,2021-04-25T09:23:44.662420,2021-04-25T09:23:44.662420
33525bf0-5dfc-4f4b-838d-a2833ea38906,Summit Industries,Technology,Europe,Small,34771.02,41.33,0.3813,2020-03-13T09:23:44.662438,2020-03-13T09:23:44.662438
08d055b3-8aa4-4504-8c62-f05c6a100c3a,Elite Services,Finance,Middle East,Large,289961.53,45.14,0.3284,2020-11-14T09:23:44.662459,2020-11-14T09:23:44.662459
0c2d3bf0-3aa6-48fe-9327-d85623bb4a74,Zenith Systems,Manufacturing,Europe,Large,769822.15,33.56,0.3795,2020-11-14T09:23:44.662479,2020-11-14T09:23:44.662479
59c3a644-d2a9-4684-809c-6e7ea211cc2c,Eagle Works,Media & Entertainment,North America,Medium,171191.46,33.84,0.2536,2023-06-09T09:23:44.662502,2023-06-09T09:23:44.662502
af489539-a315-484f-aa2f-63422355491e,Silver Enterprises,Real Estate,Europe,Enterprise,6059649.56,8.31,0.1105,2019-09-28T09:23:44.662521,2019-09-28T09:23:44.662521
c7ec57a5-3068-4013-a342-bb9fa714b5f3,Crown Services,Technology,Europe,Medium,188038.19,35.39,0.1503,2019-12-29T09:23:44.662542,2019-12-29T09:23:44.662542
cb9a6959-9a9f-4224-a8c7-2eed402b04d3,Vista Networks,Construction,Asia Pacific,Medium,123151.75,47.5,0.4473,2021-06-30T09:23:44.662565,2021-06-30T09:23:44.662565
3a59ddc8-f5cf-42b5-bce4-ae018f4746db,Luna Solutions,Education,Latin America,Large,659658.14,56.97,0.4672,2024-03-02T09:23:44.662591,2024-03-02T09:23:44.662591
40e90097-cacb-4aa1-aa8a-7dcc1454b242,Apex Ventures,Healthcare,Middle East,Medium,206533.5,34.4,0.098,2021-04-25T09:23:44.662620,2021-04-25T09:23:44.662620
dff1e7e9-6811-4cf5-9e26-ebdb7fd1403c,Elite Group,Healthcare,North America,Large,563848.7,35.11,0.2812,2024-02-27T09:23:44.662640,2024-02-27T09:23:44.662640
a9b94d42-85e1-4f1b-8961-0fc7a427fe55,Pacific Corp,Hospitality,Middle East,Small,18145.53,52.84,0.5283,2020-05-17T09:23:44.662660,2020-05-17T09:23:44.662660
de7fb1bf-490f-44a7-a0cc-350fc86c8032,Pacific Technologies,Healthcare,Latin America,Small,27726.02,58.19,0.5733,2019-05-12T09:23:44.662678,2019-05-12T09:23:44.662678
0e0c56d4-de17-4001-a9d8-0d1874814cb1,Bright Partners,Technology,Europe,Enterprise,9031619.95,26.99,0.2027,2024-07-08T09:23:44.662696,2024-07-08T09:23:44.662696
42fda139-61b0-4003-a723-064dc0a39832,Omega Ventures,Finance,Africa,Small,7766.07,39.4,0.3087,2019-06-21T09:23:44.662714,2019-06-21T09:23:44.662714
7913aa3d-0a01-48ec-aa5c-8389069c87cb,Unity Dynamics,Hospitality,Asia Pacific,Small,20487.08,37.77,0.2651,2020-05-04T09:23:44.662733,2020-05-04T09:23:44.662733
6c5d8b0d-a651-4992-93c1-169018271e29,Royal International,Energy,Middle East,Small,29184.51,42.54,0.3112,2021-06-24T09:23:44.662752,2021-06-24T09:23:44.662752
ceb2c33c-ba3f-452d-8611-f010d7075457,Advanced Works,Healthcare,Latin America,Small,24023.56,26.98,0.3314,2020-04-07T09:23:44.662773,2020-04-07T09:23:44.662773
e02704e2-a27a-48fa-aa95-8f472b1165cb,Nova Consulting,Finance,North America,Large,623434.44,43.27,0.2731,2023-09-24T09:23:44.662792,2023-09-24T09:23:44.662792
7353bae8-4974-4f4f-9b61-e3cb36299055,Golden Works,Energy,North America,Medium,68324.93,25.37,0.1119,2020-07-14T09:23:44.662813,2020-07-14T09:23:44.662813
148abd46-3c9b-450c-9f6d-36e5831fe79f,Pinnacle Holdings,Technology,Asia Pacific,Medium,150767.9,34.29,0.3099,2019-10-23T09:23:44.662832,2019-10-23T09:23:44.662832
947f3274-bbce-4432-88bb-2af9372463ae,Crown Group,Real Estate,Europe,Medium,181255.91,27.14,0.2421,2020-09-19T09:23:44.662854,2020-09-19T09:23:44.662854
c9a040f2-f2ee-4eaf-903d-d2af18fb2dd2,Infinity Systems,Finance,North America,Medium,51492.0,35.71,0.0584,2021-11-17T09:23:44.662872,2021-11-17T09:23:44.662872
27f1dcf7-af88-4be3-9392-c0cd6c105514,Titan Works,Healthcare,Asia Pacific,Small,29639.18,44.23,0.2435,2023-10-24T09:23:44.662890,2023-10-24T09:23:44.662890
93525dfc-c0ef-4b07-a56a-744a84778f5d,Elite Corp,Energy,Asia Pacific,Small,37753.89,53.95,0.5563,2024-10-14T09:23:44.662908,2024-10-14T09:23:44.662908
4ec33273-5196-46ae-abef-a9192408a11e,Global Services,Retail,Latin America,Large,604939.92,37.57,0.3454,2019-06-13T09:23:44.662928,2019-06-13T09:23:44.662928
